id,relato_id,user_id,action_type,details,created_at
64,14e4e5e6-a999-468e-823f-f6fbcbc30529,13146c68-63fd-437c-89c8-36c03f56c196,ADD_RESPONSIBLE,"{""responsible_id"": ""dfc45ffc-42fe-4d61-8ebb-033b7b43da3d"", ""responsible_name"": ""Vanusa Alves Da Mota""}",2025-08-05 12:10:03.88545+00
65,08b8beea-e111-412d-81e9-6e1b7d230df2,13146c68-63fd-437c-89c8-36c03f56c196,UPDATE,"{""field"": ""descricao"", ""new_value"": ""Funcionário da carga e descarga está batendo. 6:20 da manhã gerando hora extra para companhia. É correto pegar e bater o ponto nesse horário 6:20 da manhã [?]"", ""old_value"": ""Funcionário da carga e descarga está batendo. 6:20 da manhã gerando hora extra para companhia. Possível causa: Pode gerar gasto para empresa""}",2025-08-06 10:19:13.81893+00
66,08b8beea-e111-412d-81e9-6e1b7d230df2,13146c68-63fd-437c-89c8-36c03f56c196,UPDATE,"{""field"": ""riscos_identificados"", ""new_value"": ""Pode gerar gasto para empresa."", ""old_value"": ""É correto pegar e bater o ponto nesse horário 6:20 da manhã""}",2025-08-06 10:19:13.81893+00
67,08b8beea-e111-412d-81e9-6e1b7d230df2,13146c68-63fd-437c-89c8-36c03f56c196,STATUS_CHANGE,"{""new_status"": ""REPROVADO"", ""old_status"": ""APROVADO""}",2025-08-06 10:19:23.162581+00
68,be9f7ad2-27e3-4874-b38f-5b95a15855e1,dfc45ffc-42fe-4d61-8ebb-033b7b43da3d,UPDATE,"{""field"": ""planejamento_cronologia_solucao"", ""new_value"": ""Os motoristas resolveram entre eles o assunto, uma vez que não é responsabilidade da companhia"", ""old_value"": null}",2025-08-06 10:29:57.956929+00
69,be9f7ad2-27e3-4874-b38f-5b95a15855e1,dfc45ffc-42fe-4d61-8ebb-033b7b43da3d,UPDATE,"{""field"": ""data_conclusao_solucao"", ""new_value"": ""2025-05-21"", ""old_value"": null}",2025-08-06 10:29:57.956929+00
70,08a962bb-83a2-41c4-b8f0-cfbb6b968aee,dfc45ffc-42fe-4d61-8ebb-033b7b43da3d,UPDATE,"{""field"": ""planejamento_cronologia_solucao"", ""new_value"": ""Foi instalada uma nova sirene"", ""old_value"": null}",2025-08-06 10:31:26.87843+00
71,08a962bb-83a2-41c4-b8f0-cfbb6b968aee,dfc45ffc-42fe-4d61-8ebb-033b7b43da3d,UPDATE,"{""field"": ""data_conclusao_solucao"", ""new_value"": ""2025-06-15"", ""old_value"": null}",2025-08-06 10:31:26.87843+00
72,0b6a5930-7a48-4093-b054-bf0c63079f5c,c6d7b0a7-365e-4459-bdf2-af2dcbf19829,UPDATE,"{""field"": ""planejamento_cronologia_solucao"", ""new_value"": ""Foi orientado a respeito da direção segura e sempre ficar atento as orientações do ajudante de carga e descarga ou operador de produção que está na plataforma"", ""old_value"": null}",2025-08-06 11:14:10.78197+00
73,0b6a5930-7a48-4093-b054-bf0c63079f5c,c6d7b0a7-365e-4459-bdf2-af2dcbf19829,UPDATE,"{""field"": ""data_conclusao_solucao"", ""new_value"": ""2025-05-29"", ""old_value"": null}",2025-08-06 11:14:10.78197+00
74,0b6a5930-7a48-4093-b054-bf0c63079f5c,c6d7b0a7-365e-4459-bdf2-af2dcbf19829,ADD_RESPONSIBLE,"{""responsible_id"": ""79c79889-2f87-44db-9a09-52efa42cf57c"", ""responsible_name"": ""Eduardo De Franca Silva""}",2025-08-06 11:14:10.78197+00
75,5c50631b-a1d1-4b01-a77a-df0904974a4f,c6d7b0a7-365e-4459-bdf2-af2dcbf19829,UPDATE,"{""field"": ""riscos_identificados"", ""new_value"": ""Detalhar riscos queimadura a válvula pode atingir o rosto ou outra parte do corpo"", ""old_value"": ""Detalhar riscos""}",2025-08-06 11:18:16.11311+00
76,5c50631b-a1d1-4b01-a77a-df0904974a4f,c6d7b0a7-365e-4459-bdf2-af2dcbf19829,UPDATE,"{""field"": ""planejamento_cronologia_solucao"", ""new_value"": ""Foi realizado um bate papo com a equipe a respeito do procedimento de retirada de válvulas pelo coordenador de operações e também foi comentado o risco na reunião da Eco "", ""old_value"": null}",2025-08-06 11:18:16.11311+00
77,5c50631b-a1d1-4b01-a77a-df0904974a4f,c6d7b0a7-365e-4459-bdf2-af2dcbf19829,UPDATE,"{""field"": ""data_conclusao_solucao"", ""new_value"": ""2025-05-30"", ""old_value"": null}",2025-08-06 11:18:16.11311+00
78,5c50631b-a1d1-4b01-a77a-df0904974a4f,c6d7b0a7-365e-4459-bdf2-af2dcbf19829,ADD_RESPONSIBLE,"{""responsible_id"": ""3f650743-6565-4f08-8a8f-08c371ceaa12"", ""responsible_name"": ""Valdivino Ribeiro Da Silva""}",2025-08-06 11:18:16.11311+00
79,7f46ab07-9725-44ab-b6ed-dc4b252c8c54,c6d7b0a7-365e-4459-bdf2-af2dcbf19829,UPDATE,"{""field"": ""planejamento_cronologia_solucao"", ""new_value"": ""Foi comentado na reunião da ECO do fato e o coordenador de operações tratou o assunto com o motorista da M&M"", ""old_value"": null}",2025-08-06 11:20:47.7813+00
80,7f46ab07-9725-44ab-b6ed-dc4b252c8c54,c6d7b0a7-365e-4459-bdf2-af2dcbf19829,UPDATE,"{""field"": ""data_conclusao_solucao"", ""new_value"": ""2025-03-05"", ""old_value"": null}",2025-08-06 11:20:47.7813+00
81,7f46ab07-9725-44ab-b6ed-dc4b252c8c54,c6d7b0a7-365e-4459-bdf2-af2dcbf19829,ADD_RESPONSIBLE,"{""responsible_id"": ""3f650743-6565-4f08-8a8f-08c371ceaa12"", ""responsible_name"": ""Valdivino Ribeiro Da Silva""}",2025-08-06 11:20:47.7813+00
82,5689b783-33af-4a22-9594-ab85f33bf3e3,dfc45ffc-42fe-4d61-8ebb-033b7b43da3d,UPDATE,"{""field"": ""planejamento_cronologia_solucao"", ""new_value"": ""Reunião com os motoristas."", ""old_value"": null}",2025-08-06 12:54:05.410224+00
83,5689b783-33af-4a22-9594-ab85f33bf3e3,dfc45ffc-42fe-4d61-8ebb-033b7b43da3d,UPDATE,"{""field"": ""data_conclusao_solucao"", ""new_value"": ""2025-06-09"", ""old_value"": null}",2025-08-06 12:54:05.410224+00
84,10adca0e-f604-46ad-89e5-79e9436af18a,dfc45ffc-42fe-4d61-8ebb-033b7b43da3d,ADD_RESPONSIBLE,"{""responsible_id"": ""b89a88c7-de0d-4901-908c-fec2d058dc87"", ""responsible_name"": ""Ricardo Martins Lima""}",2025-08-06 12:56:51.57555+00
85,10adca0e-f604-46ad-89e5-79e9436af18a,dfc45ffc-42fe-4d61-8ebb-033b7b43da3d,ADD_RESPONSIBLE,"{""responsible_id"": ""dfc45ffc-42fe-4d61-8ebb-033b7b43da3d"", ""responsible_name"": ""Vanusa Alves Da Mota""}",2025-08-06 12:57:31.535212+00
90,10adca0e-f604-46ad-89e5-79e9436af18a,dfc45ffc-42fe-4d61-8ebb-033b7b43da3d,ADD_RESPONSIBLE,"{""responsible_id"": ""5330757b-a1e7-4534-bf58-c3070fcc31ad"", ""responsible_name"": ""Fernando Lima Rodrigues""}",2025-08-06 13:19:17.177054+00
91,10adca0e-f604-46ad-89e5-79e9436af18a,dfc45ffc-42fe-4d61-8ebb-033b7b43da3d,REMOVE_RESPONSIBLE,"{""responsible_id"": ""b89a88c7-de0d-4901-908c-fec2d058dc87"", ""responsible_name"": ""Ricardo Martins Lima""}",2025-08-06 13:19:17.177054+00
92,10adca0e-f604-46ad-89e5-79e9436af18a,dfc45ffc-42fe-4d61-8ebb-033b7b43da3d,REMOVE_RESPONSIBLE,"{""responsible_id"": ""dfc45ffc-42fe-4d61-8ebb-033b7b43da3d"", ""responsible_name"": ""Vanusa Alves Da Mota""}",2025-08-06 13:19:17.177054+00
93,10adca0e-f604-46ad-89e5-79e9436af18a,c6d7b0a7-365e-4459-bdf2-af2dcbf19829,UPDATE,"{""field"": ""planejamento_cronologia_solucao"", ""new_value"": ""Serviço de conserto realizado conforme ordem de serviço 130056516\n\n1245\tOPE\tOPE-1245\t1\tMuito elevado\t17.06.2025\t\t\t1100016166\t130056516\tX2\tMANUTENÇÃO TRANSP TELESCOPICO Nº01\t\t1245-030\tENGARRAFAMENTO\t101890\tLTE-245001 TRANSPORTADOR TELESCÓPICO\t\tMSEN MSIM ORDA\tDROT\tRICARDO\t\t00:00:00\t18.06.2025\t10:38:51\t17.06.2025\t10:38:57\t\t00:00:00\t\t0,00\t18.06.2025\t08:42:45\n"", ""old_value"": null}",2025-08-09 18:19:44.958742+00
94,10adca0e-f604-46ad-89e5-79e9436af18a,c6d7b0a7-365e-4459-bdf2-af2dcbf19829,UPDATE,"{""field"": ""data_conclusao_solucao"", ""new_value"": ""2025-06-17"", ""old_value"": null}",2025-08-09 18:19:44.958742+00
95,10adca0e-f604-46ad-89e5-79e9436af18a,c6d7b0a7-365e-4459-bdf2-af2dcbf19829,REMOVE_RESPONSIBLE,"{""responsible_id"": ""5330757b-a1e7-4534-bf58-c3070fcc31ad"", ""responsible_name"": ""Fernando Lima Rodrigues""}",2025-08-09 18:19:44.958742+00
96,17342d7a-4e42-4833-8548-8afba685e159,c6d7b0a7-365e-4459-bdf2-af2dcbf19829,UPDATE,"{""field"": ""planejamento_cronologia_solucao"", ""new_value"": ""Foi realizado um bate papo com a equipe no dia 28/02/24, a respeito de queda de botijões  e também foi discutido na reunião da ECO"", ""old_value"": null}",2025-08-09 18:36:41.458323+00
97,17342d7a-4e42-4833-8548-8afba685e159,c6d7b0a7-365e-4459-bdf2-af2dcbf19829,UPDATE,"{""field"": ""data_conclusao_solucao"", ""new_value"": ""2025-02-28"", ""old_value"": null}",2025-08-09 18:36:41.458323+00
98,17342d7a-4e42-4833-8548-8afba685e159,c6d7b0a7-365e-4459-bdf2-af2dcbf19829,ADD_RESPONSIBLE,"{""responsible_id"": ""c6d7b0a7-365e-4459-bdf2-af2dcbf19829"", ""responsible_name"": ""Meire Pereira De Almeida""}",2025-08-09 18:36:41.458323+00
99,39be9323-d0f5-47cb-9821-d5b523e15744,c6d7b0a7-365e-4459-bdf2-af2dcbf19829,UPDATE,"{""field"": ""planejamento_cronologia_solucao"", ""new_value"": ""O assunto foi tratado na reunião da ECO, foi solicitado ao motorista (Sr. Valdivino conversou com o mesmo a respeito ) "", ""old_value"": null}",2025-08-09 18:38:32.387092+00
100,39be9323-d0f5-47cb-9821-d5b523e15744,c6d7b0a7-365e-4459-bdf2-af2dcbf19829,UPDATE,"{""field"": ""data_conclusao_solucao"", ""new_value"": ""2025-03-24"", ""old_value"": null}",2025-08-09 18:38:32.387092+00
101,39be9323-d0f5-47cb-9821-d5b523e15744,c6d7b0a7-365e-4459-bdf2-af2dcbf19829,ADD_RESPONSIBLE,"{""responsible_id"": ""3f650743-6565-4f08-8a8f-08c371ceaa12"", ""responsible_name"": ""Valdivino Ribeiro Da Silva""}",2025-08-09 18:38:32.387092+00
102,da1905ca-2c90-4c20-a9dd-801b77eed4a0,c6d7b0a7-365e-4459-bdf2-af2dcbf19829,UPDATE,"{""field"": ""planejamento_cronologia_solucao"", ""new_value"": ""No dia 31/03/25 a TST Vanusa realizou um bate papo com a equipe a respeito da percepção do risco onde foi abordado o assunto"", ""old_value"": null}",2025-08-09 18:40:55.584209+00
103,da1905ca-2c90-4c20-a9dd-801b77eed4a0,c6d7b0a7-365e-4459-bdf2-af2dcbf19829,UPDATE,"{""field"": ""data_conclusao_solucao"", ""new_value"": ""2025-03-31"", ""old_value"": null}",2025-08-09 18:40:55.584209+00
104,da1905ca-2c90-4c20-a9dd-801b77eed4a0,c6d7b0a7-365e-4459-bdf2-af2dcbf19829,ADD_RESPONSIBLE,"{""responsible_id"": ""dfc45ffc-42fe-4d61-8ebb-033b7b43da3d"", ""responsible_name"": ""Vanusa Alves Da Mota""}",2025-08-09 18:40:55.584209+00
105,0d5c153d-beab-4a6a-ba03-59e706237b48,c6d7b0a7-365e-4459-bdf2-af2dcbf19829,UPDATE,"{""field"": ""planejamento_cronologia_solucao"", ""new_value"": ""Foi realizado um bate papo com os motoristas da Piramide, Maranata com TST Vanusa a respeito de direção defensiva lista de presenta dia 07/04/25 , e também no dia 19/05/25 a empresa realizou a campanha maio amarelo com uma palestra com a consultora Salete "", ""old_value"": null}",2025-08-09 18:54:45.017388+00
106,0d5c153d-beab-4a6a-ba03-59e706237b48,c6d7b0a7-365e-4459-bdf2-af2dcbf19829,UPDATE,"{""field"": ""data_conclusao_solucao"", ""new_value"": ""2025-05-19"", ""old_value"": null}",2025-08-09 18:54:45.017388+00
107,0d5c153d-beab-4a6a-ba03-59e706237b48,c6d7b0a7-365e-4459-bdf2-af2dcbf19829,ADD_RESPONSIBLE,"{""responsible_id"": ""c6d7b0a7-365e-4459-bdf2-af2dcbf19829"", ""responsible_name"": ""Meire Pereira De Almeida""}",2025-08-09 18:54:45.017388+00
108,0d5c153d-beab-4a6a-ba03-59e706237b48,c6d7b0a7-365e-4459-bdf2-af2dcbf19829,ADD_RESPONSIBLE,"{""responsible_id"": ""dfc45ffc-42fe-4d61-8ebb-033b7b43da3d"", ""responsible_name"": ""Vanusa Alves Da Mota""}",2025-08-09 18:54:45.017388+00
109,a1b16972-6c6e-4bc7-ae1f-4d0d3a2a7999,c6d7b0a7-365e-4459-bdf2-af2dcbf19829,UPDATE,"{""field"": ""planejamento_cronologia_solucao"", ""new_value"": ""serviço executado conforme ordem de serviço 130056163\n\n1245\tOPE\tOPE-1245\t2\tElevado\t04.06.2025\t\t\t1100015918\t130056163\tX2\tServi Instalação Toldo\tX\t1245-080\tADMINISTRAÇÃO\t101878\tPRED-245001 PREDIO\t\tMSEN MSIM ORDA\tDROT\tARMANDO\t\t00:00:00\t06.06.2025\t09:26:44\t04.06.2025\t09:26:52\t\t00:00:00\t\t0,00\t10.06.2025\t07:18:59\n"", ""old_value"": null}",2025-08-09 18:58:39.73888+00
110,a1b16972-6c6e-4bc7-ae1f-4d0d3a2a7999,c6d7b0a7-365e-4459-bdf2-af2dcbf19829,UPDATE,"{""field"": ""data_conclusao_solucao"", ""new_value"": ""2025-06-04"", ""old_value"": null}",2025-08-09 18:58:39.73888+00
111,a1b16972-6c6e-4bc7-ae1f-4d0d3a2a7999,c6d7b0a7-365e-4459-bdf2-af2dcbf19829,ADD_RESPONSIBLE,"{""responsible_id"": ""b89a88c7-de0d-4901-908c-fec2d058dc87"", ""responsible_name"": ""Ricardo Martins Lima""}",2025-08-09 18:58:39.73888+00
112,a1b16972-6c6e-4bc7-ae1f-4d0d3a2a7999,c6d7b0a7-365e-4459-bdf2-af2dcbf19829,ADD_RESPONSIBLE,"{""responsible_id"": ""6d438bbe-cfe0-4926-8ddd-82a77eae805c"", ""responsible_name"": ""Armando Moura Rocha De Carvalho""}",2025-08-09 18:58:39.73888+00
113,942da76c-d141-4380-b9e8-0b376c37fda9,c6d7b0a7-365e-4459-bdf2-af2dcbf19829,UPDATE,"{""field"": ""planejamento_cronologia_solucao"", ""new_value"": ""Serviço executado no mesmo dia 04/04/25, após o combate da equipe de brigada e a contenção do vazamento, a equipe de manutenção realizou a substituição da junta. Foi realizado uma apresentação pela GCO no dia 15/04/25 a respeito do vazamento e explicado a equipe as medidas de contenção, também foi enviada a apresentação para outras unidades da Copa Energia comunicando o fato"", ""old_value"": null}",2025-08-09 19:08:05.07943+00
114,942da76c-d141-4380-b9e8-0b376c37fda9,c6d7b0a7-365e-4459-bdf2-af2dcbf19829,UPDATE,"{""field"": ""data_conclusao_solucao"", ""new_value"": ""2025-04-04"", ""old_value"": null}",2025-08-09 19:08:05.07943+00
115,942da76c-d141-4380-b9e8-0b376c37fda9,c6d7b0a7-365e-4459-bdf2-af2dcbf19829,ADD_RESPONSIBLE,"{""responsible_id"": ""c6d7b0a7-365e-4459-bdf2-af2dcbf19829"", ""responsible_name"": ""Meire Pereira De Almeida""}",2025-08-09 19:08:05.07943+00
116,7085fecc-33bd-4b2e-9826-74cef649fd8b,c6d7b0a7-365e-4459-bdf2-af2dcbf19829,UPDATE,"{""field"": ""planejamento_cronologia_solucao"", ""new_value"": ""líder de plataforma conversou com o motorista orientando do fato assim como conversou com o líder da carga e descarga para não entregar as chaves antes de terminar a descarga. O mesmo também participou da palestra de direção defensiva no dia 07/04/25 e 19/*05/25"", ""old_value"": null}",2025-08-09 19:12:51.719644+00
117,7085fecc-33bd-4b2e-9826-74cef649fd8b,c6d7b0a7-365e-4459-bdf2-af2dcbf19829,UPDATE,"{""field"": ""data_conclusao_solucao"", ""new_value"": ""2025-04-07"", ""old_value"": null}",2025-08-09 19:12:51.719644+00
118,7085fecc-33bd-4b2e-9826-74cef649fd8b,c6d7b0a7-365e-4459-bdf2-af2dcbf19829,ADD_RESPONSIBLE,"{""responsible_id"": ""6ba5fe19-e200-4bce-a381-ee26afb7d383"", ""responsible_name"": ""Averlan Pereira Da Silva""}",2025-08-09 19:12:51.719644+00
119,7085fecc-33bd-4b2e-9826-74cef649fd8b,c6d7b0a7-365e-4459-bdf2-af2dcbf19829,ADD_RESPONSIBLE,"{""responsible_id"": ""dfc45ffc-42fe-4d61-8ebb-033b7b43da3d"", ""responsible_name"": ""Vanusa Alves Da Mota""}",2025-08-09 19:12:51.719644+00
120,158adc37-c47f-44e7-a8f7-568a1a769bfb,c6d7b0a7-365e-4459-bdf2-af2dcbf19829,UPDATE,"{""field"": ""planejamento_cronologia_solucao"", ""new_value"": ""O motorista foi orientado pelo líder de planta a não realizar manobras dentro da unidade sem auxilio, a transportadora foi notificada para realizar o reparo.\nA seguradora está sendo notificado para reembolsar a Copa no conserto na compra do material estamos aguardando o reembolso"", ""old_value"": null}",2025-08-09 19:15:50.168933+00
121,158adc37-c47f-44e7-a8f7-568a1a769bfb,c6d7b0a7-365e-4459-bdf2-af2dcbf19829,UPDATE,"{""field"": ""data_conclusao_solucao"", ""new_value"": ""2025-04-09"", ""old_value"": null}",2025-08-09 19:15:50.168933+00
122,158adc37-c47f-44e7-a8f7-568a1a769bfb,c6d7b0a7-365e-4459-bdf2-af2dcbf19829,ADD_RESPONSIBLE,"{""responsible_id"": ""c6d7b0a7-365e-4459-bdf2-af2dcbf19829"", ""responsible_name"": ""Meire Pereira De Almeida""}",2025-08-09 19:15:50.168933+00
123,0fc0f5d8-16bc-46bb-9112-304f591ba159,c6d7b0a7-365e-4459-bdf2-af2dcbf19829,UPDATE,"{""field"": ""planejamento_cronologia_solucao"", ""new_value"": ""Esse relato foi discutido na reunião da ECO do dia 30/05/25, foi realizado um bate papo com o funcionário orientando, líder da plataforma "", ""old_value"": null}",2025-08-09 19:21:46.277937+00
124,0fc0f5d8-16bc-46bb-9112-304f591ba159,c6d7b0a7-365e-4459-bdf2-af2dcbf19829,UPDATE,"{""field"": ""data_conclusao_solucao"", ""new_value"": ""2025-05-30"", ""old_value"": null}",2025-08-09 19:21:46.277937+00
125,0fc0f5d8-16bc-46bb-9112-304f591ba159,c6d7b0a7-365e-4459-bdf2-af2dcbf19829,ADD_RESPONSIBLE,"{""responsible_id"": ""6ba5fe19-e200-4bce-a381-ee26afb7d383"", ""responsible_name"": ""Averlan Pereira Da Silva""}",2025-08-09 19:21:46.277937+00
126,cc13e148-b140-4146-8c7f-e58db4a3c9bb,c6d7b0a7-365e-4459-bdf2-af2dcbf19829,UPDATE,"{""field"": ""planejamento_cronologia_solucao"", ""new_value"": ""Serviço executado conforme ordem de serviço 130056527\n1245\tOPE\tOPE-1245\t2\tElevado\t17.06.2025\t\t\t1100016178\t130056527\tX2\tAquisição para sistema combat incendio\t\t1245-020\tAREA DE ARMAZENAMENTO\t800735\tTUB-245003-SIST. TUB. SCI\t\tMSEN ORDA\tDROT\tARMANDO\t\t00:00:00\t19.06.2025\t14:49:05\t17.06.2025\t14:49:23\t\t00:00:00\t\t0,00\t27.06.2025\t09:06:47\n"", ""old_value"": null}",2025-08-09 19:26:03.037417+00
127,cc13e148-b140-4146-8c7f-e58db4a3c9bb,c6d7b0a7-365e-4459-bdf2-af2dcbf19829,UPDATE,"{""field"": ""data_conclusao_solucao"", ""new_value"": ""2025-06-19"", ""old_value"": null}",2025-08-09 19:26:03.037417+00
128,cc13e148-b140-4146-8c7f-e58db4a3c9bb,c6d7b0a7-365e-4459-bdf2-af2dcbf19829,ADD_RESPONSIBLE,"{""responsible_id"": ""6d438bbe-cfe0-4926-8ddd-82a77eae805c"", ""responsible_name"": ""Armando Moura Rocha De Carvalho""}",2025-08-09 19:26:03.037417+00
129,e28ec120-29d9-4c7b-9ae3-cbb0ac5c1c5d,c6d7b0a7-365e-4459-bdf2-af2dcbf19829,UPDATE,"{""field"": ""planejamento_cronologia_solucao"", ""new_value"": ""Serviço executado ordem serviço 130056118\n \n1245\tOPE\tOPE-1245\t2\tElevado\t02.06.2025\t\t\t1100015868\t130056118\tX2\tNivelamento do piso área de decantação\tX\t1245-030\tENGARRAFAMENTO\t101866\tDECD-245001 DECANTAÇÃO P13\t\tMSEN MSIM ORDA\tDROT\tEDVANIO\t\t00:00:00\t04.06.2025\t13:12:06\t02.06.2025\t13:12:09\t\t00:00:00\t\t0,00\t10.06.2025\t07:15:47\n"", ""old_value"": null}",2025-08-09 19:28:20.956067+00
130,e28ec120-29d9-4c7b-9ae3-cbb0ac5c1c5d,c6d7b0a7-365e-4459-bdf2-af2dcbf19829,UPDATE,"{""field"": ""data_conclusao_solucao"", ""new_value"": ""2025-06-02"", ""old_value"": null}",2025-08-09 19:28:20.956067+00
131,e28ec120-29d9-4c7b-9ae3-cbb0ac5c1c5d,c6d7b0a7-365e-4459-bdf2-af2dcbf19829,ADD_RESPONSIBLE,"{""responsible_id"": ""3e069a1b-995c-4a96-b0ae-fdd869410b34"", ""responsible_name"": ""Edvanio Da Silva Costa""}",2025-08-09 19:28:20.956067+00
132,91b93192-658b-4395-863d-bd3e04eb7fa9,c6d7b0a7-365e-4459-bdf2-af2dcbf19829,UPDATE,"{""field"": ""planejamento_cronologia_solucao"", ""new_value"": ""Foi tratado o assunto na reunião da ECO e foi solicitado ao encarregado da empresa carga e descarga realizar um bate papo com a equipe a respeito.\nNo dia 02/06/25 a GCO realizou um bate papo com a equipe a respeito do trabalho seguro "", ""old_value"": null}",2025-08-09 19:32:22.396314+00
133,91b93192-658b-4395-863d-bd3e04eb7fa9,c6d7b0a7-365e-4459-bdf2-af2dcbf19829,UPDATE,"{""field"": ""data_conclusao_solucao"", ""new_value"": ""2025-06-02"", ""old_value"": null}",2025-08-09 19:32:22.396314+00
134,91b93192-658b-4395-863d-bd3e04eb7fa9,c6d7b0a7-365e-4459-bdf2-af2dcbf19829,ADD_RESPONSIBLE,"{""responsible_id"": ""c6d7b0a7-365e-4459-bdf2-af2dcbf19829"", ""responsible_name"": ""Meire Pereira De Almeida""}",2025-08-09 19:32:22.396314+00
135,172986ab-9997-4bd1-ae27-cdfe8754dae9,c6d7b0a7-365e-4459-bdf2-af2dcbf19829,UPDATE,"{""field"": ""data_conclusao_solucao"", ""new_value"": ""2025-06-04"", ""old_value"": null}",2025-08-09 19:32:58.151736+00
136,b31073db-1671-45e5-a3d2-cd6e62c6de5c,c6d7b0a7-365e-4459-bdf2-af2dcbf19829,UPDATE,"{""field"": ""planejamento_cronologia_solucao"", ""new_value"": ""Foi realizado um bate papo com a equipe no dia 05/06/25 a respeito do uso de EPIs, Coordenador de Operações e TST"", ""old_value"": null}",2025-08-09 19:37:42.339721+00
137,b31073db-1671-45e5-a3d2-cd6e62c6de5c,c6d7b0a7-365e-4459-bdf2-af2dcbf19829,UPDATE,"{""field"": ""data_conclusao_solucao"", ""new_value"": ""2025-06-05"", ""old_value"": null}",2025-08-09 19:37:42.339721+00
138,b31073db-1671-45e5-a3d2-cd6e62c6de5c,c6d7b0a7-365e-4459-bdf2-af2dcbf19829,ADD_RESPONSIBLE,"{""responsible_id"": ""3f650743-6565-4f08-8a8f-08c371ceaa12"", ""responsible_name"": ""Valdivino Ribeiro Da Silva""}",2025-08-09 19:37:42.339721+00
139,b31073db-1671-45e5-a3d2-cd6e62c6de5c,c6d7b0a7-365e-4459-bdf2-af2dcbf19829,ADD_RESPONSIBLE,"{""responsible_id"": ""dfc45ffc-42fe-4d61-8ebb-033b7b43da3d"", ""responsible_name"": ""Vanusa Alves Da Mota""}",2025-08-09 19:37:42.339721+00
140,b1cbc65c-a8c9-47a8-9460-7900d7d6ef0e,c6d7b0a7-365e-4459-bdf2-af2dcbf19829,UPDATE,"{""field"": ""planejamento_cronologia_solucao"", ""new_value"": ""O relato foi discutido na reunião da ECO, o Coordenador de produção e o Líder de plataforma orientou individualmente o colaborador para realizar a atividade com os EPI's"", ""old_value"": null}",2025-08-09 19:41:52.271861+00
141,b1cbc65c-a8c9-47a8-9460-7900d7d6ef0e,c6d7b0a7-365e-4459-bdf2-af2dcbf19829,UPDATE,"{""field"": ""data_conclusao_solucao"", ""new_value"": ""2025-06-06"", ""old_value"": null}",2025-08-09 19:41:52.271861+00
142,b1cbc65c-a8c9-47a8-9460-7900d7d6ef0e,c6d7b0a7-365e-4459-bdf2-af2dcbf19829,ADD_RESPONSIBLE,"{""responsible_id"": ""3f650743-6565-4f08-8a8f-08c371ceaa12"", ""responsible_name"": ""Valdivino Ribeiro Da Silva""}",2025-08-09 19:41:52.271861+00
143,563cdfa9-6059-4355-a400-5204d3cf5fa9,c6d7b0a7-365e-4459-bdf2-af2dcbf19829,UPDATE,"{""field"": ""planejamento_cronologia_solucao"", ""new_value"": ""O fato foi discutido na reunião da ECO e o líder da plataforma orientou o motorista a respeito da sua postura"", ""old_value"": null}",2025-08-09 19:43:31.953976+00
144,563cdfa9-6059-4355-a400-5204d3cf5fa9,c6d7b0a7-365e-4459-bdf2-af2dcbf19829,UPDATE,"{""field"": ""data_conclusao_solucao"", ""new_value"": ""2025-06-09"", ""old_value"": null}",2025-08-09 19:43:31.953976+00
145,563cdfa9-6059-4355-a400-5204d3cf5fa9,c6d7b0a7-365e-4459-bdf2-af2dcbf19829,ADD_RESPONSIBLE,"{""responsible_id"": ""6ba5fe19-e200-4bce-a381-ee26afb7d383"", ""responsible_name"": ""Averlan Pereira Da Silva""}",2025-08-09 19:43:31.953976+00
146,d011bc7d-a34b-4fec-a601-a7614544ef63,c6d7b0a7-365e-4459-bdf2-af2dcbf19829,UPDATE,"{""field"": ""planejamento_cronologia_solucao"", ""new_value"": ""O motorista foi orientado pelo coordenador de operações e corrigiu a ação"", ""old_value"": null}",2025-08-09 19:44:25.336705+00
147,d011bc7d-a34b-4fec-a601-a7614544ef63,c6d7b0a7-365e-4459-bdf2-af2dcbf19829,UPDATE,"{""field"": ""data_conclusao_solucao"", ""new_value"": ""2025-06-05"", ""old_value"": null}",2025-08-09 19:44:25.336705+00
148,d011bc7d-a34b-4fec-a601-a7614544ef63,c6d7b0a7-365e-4459-bdf2-af2dcbf19829,ADD_RESPONSIBLE,"{""responsible_id"": ""3f650743-6565-4f08-8a8f-08c371ceaa12"", ""responsible_name"": ""Valdivino Ribeiro Da Silva""}",2025-08-09 19:44:25.336705+00
149,af9ed1fd-d8f4-4eb6-9b7d-6b78e5c1ba75,c6d7b0a7-365e-4459-bdf2-af2dcbf19829,UPDATE,"{""field"": ""planejamento_cronologia_solucao"", ""new_value"": ""Foi discutido o fato na reunião do ECO a respeito, o Coordenador de Operações e o líder inspecionarão a carrete e verificou que o assoalho tem ondulações pediu atenção para equipe quando for trabalhar no veiculo, o fato também foi levado a gerencia comercial para tratar o assunto, assim como entramos em contato como proprietário para resolver o problema."", ""old_value"": null}",2025-08-09 19:49:22.75933+00
150,af9ed1fd-d8f4-4eb6-9b7d-6b78e5c1ba75,c6d7b0a7-365e-4459-bdf2-af2dcbf19829,UPDATE,"{""field"": ""data_conclusao_solucao"", ""new_value"": ""2025-06-09"", ""old_value"": null}",2025-08-09 19:49:22.75933+00
151,af9ed1fd-d8f4-4eb6-9b7d-6b78e5c1ba75,c6d7b0a7-365e-4459-bdf2-af2dcbf19829,ADD_RESPONSIBLE,"{""responsible_id"": ""3f650743-6565-4f08-8a8f-08c371ceaa12"", ""responsible_name"": ""Valdivino Ribeiro Da Silva""}",2025-08-09 19:49:22.75933+00
152,61cec78c-e7b7-45bf-9f1c-2664768c6721,c6d7b0a7-365e-4459-bdf2-af2dcbf19829,UPDATE,"{""field"": ""planejamento_cronologia_solucao"", ""new_value"": ""foi informado ao líder da equipe da empresa de carga e descarga para conversar com o funcionário a respeito dos riscos. O fato foi discutido na reunião da ECO tbm"", ""old_value"": null}",2025-08-09 19:50:56.461013+00
153,61cec78c-e7b7-45bf-9f1c-2664768c6721,c6d7b0a7-365e-4459-bdf2-af2dcbf19829,UPDATE,"{""field"": ""data_conclusao_solucao"", ""new_value"": ""2025-06-06"", ""old_value"": null}",2025-08-09 19:50:56.461013+00
154,61cec78c-e7b7-45bf-9f1c-2664768c6721,c6d7b0a7-365e-4459-bdf2-af2dcbf19829,ADD_RESPONSIBLE,"{""responsible_id"": ""3f650743-6565-4f08-8a8f-08c371ceaa12"", ""responsible_name"": ""Valdivino Ribeiro Da Silva""}",2025-08-09 19:50:56.461013+00
155,ede4b0c6-2e0a-4759-80b1-af358217a46c,c6d7b0a7-365e-4459-bdf2-af2dcbf19829,UPDATE,"{""field"": ""planejamento_cronologia_solucao"", ""new_value"": ""fazer analise, o fato foi discutido na reunião da ECO"", ""old_value"": null}",2025-08-09 19:55:09.066374+00
156,ede4b0c6-2e0a-4759-80b1-af358217a46c,c6d7b0a7-365e-4459-bdf2-af2dcbf19829,ADD_RESPONSIBLE,"{""responsible_id"": ""3f650743-6565-4f08-8a8f-08c371ceaa12"", ""responsible_name"": ""Valdivino Ribeiro Da Silva""}",2025-08-09 19:55:09.066374+00
157,ede4b0c6-2e0a-4759-80b1-af358217a46c,c6d7b0a7-365e-4459-bdf2-af2dcbf19829,ADD_RESPONSIBLE,"{""responsible_id"": ""6d438bbe-cfe0-4926-8ddd-82a77eae805c"", ""responsible_name"": ""Armando Moura Rocha De Carvalho""}",2025-08-09 19:55:09.066374+00
158,ede4b0c6-2e0a-4759-80b1-af358217a46c,c6d7b0a7-365e-4459-bdf2-af2dcbf19829,ADD_RESPONSIBLE,"{""responsible_id"": ""b89a88c7-de0d-4901-908c-fec2d058dc87"", ""responsible_name"": ""Ricardo Martins Lima""}",2025-08-09 19:55:09.066374+00
159,ede4b0c6-2e0a-4759-80b1-af358217a46c,c6d7b0a7-365e-4459-bdf2-af2dcbf19829,ADD_RESPONSIBLE,"{""responsible_id"": ""6fd85913-37d1-4107-b244-42e8d9885945"", ""responsible_name"": ""Raimundo Alex Martins Botelho""}",2025-08-09 19:55:09.066374+00
160,5f94c195-6982-407b-a7e4-18732e91cb40,c6d7b0a7-365e-4459-bdf2-af2dcbf19829,UPDATE,"{""field"": ""planejamento_cronologia_solucao"", ""new_value"": ""O fato foi discutido na reunião da ECO, o líder da plataforma orientou o motorista a respeito"", ""old_value"": null}",2025-08-09 19:56:25.653323+00
161,5f94c195-6982-407b-a7e4-18732e91cb40,c6d7b0a7-365e-4459-bdf2-af2dcbf19829,UPDATE,"{""field"": ""data_conclusao_solucao"", ""new_value"": ""2025-06-10"", ""old_value"": null}",2025-08-09 19:56:25.653323+00
162,3a9d6ae2-2827-4ac1-890a-ae3a91d2da90,c6d7b0a7-365e-4459-bdf2-af2dcbf19829,UPDATE,"{""field"": ""planejamento_cronologia_solucao"", ""new_value"": ""Foi comprado o EPIs, a touca ante chama, e cadastrado no sistema da empresa e entregue uma touca para cada operador de manutenção"", ""old_value"": null}",2025-08-09 19:57:47.965501+00
163,3a9d6ae2-2827-4ac1-890a-ae3a91d2da90,c6d7b0a7-365e-4459-bdf2-af2dcbf19829,UPDATE,"{""field"": ""data_conclusao_solucao"", ""new_value"": ""2025-06-11"", ""old_value"": null}",2025-08-09 19:57:47.965501+00
164,3a9d6ae2-2827-4ac1-890a-ae3a91d2da90,c6d7b0a7-365e-4459-bdf2-af2dcbf19829,ADD_RESPONSIBLE,"{""responsible_id"": ""c6d7b0a7-365e-4459-bdf2-af2dcbf19829"", ""responsible_name"": ""Meire Pereira De Almeida""}",2025-08-09 19:57:47.965501+00
165,f6f842d3-199e-4bdd-a240-c8f6e32a5063,c6d7b0a7-365e-4459-bdf2-af2dcbf19829,UPDATE,"{""field"": ""planejamento_cronologia_solucao"", ""new_value"": ""A GCO da unidade enviou um comunicado as congêneres no dia 04/06 e 07/06,  dos procedimentos a serem seguidos por todos os motoristas e caso os mesmo venha descumprir seriam barrados dentro da unidade, o relato foi discutido na reunião da ECO "", ""old_value"": null}",2025-08-09 20:04:24.506255+00
166,f6f842d3-199e-4bdd-a240-c8f6e32a5063,c6d7b0a7-365e-4459-bdf2-af2dcbf19829,UPDATE,"{""field"": ""data_conclusao_solucao"", ""new_value"": ""2025-06-07"", ""old_value"": null}",2025-08-09 20:04:24.506255+00
167,f6f842d3-199e-4bdd-a240-c8f6e32a5063,c6d7b0a7-365e-4459-bdf2-af2dcbf19829,ADD_RESPONSIBLE,"{""responsible_id"": ""c6d7b0a7-365e-4459-bdf2-af2dcbf19829"", ""responsible_name"": ""Meire Pereira De Almeida""}",2025-08-09 20:04:24.506255+00
168,11ee2b57-d24e-4707-9891-d120145bff9e,c6d7b0a7-365e-4459-bdf2-af2dcbf19829,UPDATE,"{""field"": ""planejamento_cronologia_solucao"", ""new_value"": ""O coordenador de Operações realizou uma reunião com toda a equipe na plataforma de envase esclarecendo esses ponte, e reforçando necessidade do uso do EPI's assim como validar o trabalho da cultura de segurança"", ""old_value"": null}",2025-08-09 20:08:38.987414+00
169,11ee2b57-d24e-4707-9891-d120145bff9e,c6d7b0a7-365e-4459-bdf2-af2dcbf19829,UPDATE,"{""field"": ""data_conclusao_solucao"", ""new_value"": ""2025-06-12"", ""old_value"": null}",2025-08-09 20:08:38.987414+00
170,11ee2b57-d24e-4707-9891-d120145bff9e,c6d7b0a7-365e-4459-bdf2-af2dcbf19829,ADD_RESPONSIBLE,"{""responsible_id"": ""3f650743-6565-4f08-8a8f-08c371ceaa12"", ""responsible_name"": ""Valdivino Ribeiro Da Silva""}",2025-08-09 20:08:38.987414+00
171,dcbe5ed3-8d16-4b92-9a76-f8f00d15fbe8,c6d7b0a7-365e-4459-bdf2-af2dcbf19829,UPDATE,"{""field"": ""planejamento_cronologia_solucao"", ""new_value"": ""Motorista orientado pelo operador assim como foi enviado um e-mail pela GCO  a respeito dos procedimentos de segurança e das punições caso o descumprimento"", ""old_value"": null}",2025-08-09 20:10:46.330208+00
172,dcbe5ed3-8d16-4b92-9a76-f8f00d15fbe8,c6d7b0a7-365e-4459-bdf2-af2dcbf19829,UPDATE,"{""field"": ""data_conclusao_solucao"", ""new_value"": ""2025-06-07"", ""old_value"": null}",2025-08-09 20:10:46.330208+00
173,dcbe5ed3-8d16-4b92-9a76-f8f00d15fbe8,c6d7b0a7-365e-4459-bdf2-af2dcbf19829,ADD_RESPONSIBLE,"{""responsible_id"": ""c6d7b0a7-365e-4459-bdf2-af2dcbf19829"", ""responsible_name"": ""Meire Pereira De Almeida""}",2025-08-09 20:10:46.330208+00
174,4b581ce7-08d6-4fc8-ad54-20fa4726198b,c6d7b0a7-365e-4459-bdf2-af2dcbf19829,UPDATE,"{""field"": ""planejamento_cronologia_solucao"", ""new_value"": ""Foi realizado uma reunião de alinhamento a referente ao uso de EPI, ação corrigida"", ""old_value"": null}",2025-08-09 20:13:19.24947+00
175,4b581ce7-08d6-4fc8-ad54-20fa4726198b,c6d7b0a7-365e-4459-bdf2-af2dcbf19829,UPDATE,"{""field"": ""data_conclusao_solucao"", ""new_value"": ""2025-06-12"", ""old_value"": null}",2025-08-09 20:13:19.24947+00
176,4b581ce7-08d6-4fc8-ad54-20fa4726198b,c6d7b0a7-365e-4459-bdf2-af2dcbf19829,ADD_RESPONSIBLE,"{""responsible_id"": ""c6d7b0a7-365e-4459-bdf2-af2dcbf19829"", ""responsible_name"": ""Meire Pereira De Almeida""}",2025-08-09 20:13:19.24947+00
177,0a2c8959-c61c-40d7-85ab-28eee06bbfab,c6d7b0a7-365e-4459-bdf2-af2dcbf19829,UPDATE,"{""field"": ""planejamento_cronologia_solucao"", ""new_value"": ""Foi realizado um bate papo com a equipe esclarecendo a respeito do problema do uniforme foi instituído para usar o EPI disponível no almoxarifado, enquanto compraremos luvas de vaquetas e a chegada de uniformes com mangas longas  "", ""old_value"": null}",2025-08-09 20:16:08.119255+00
178,0a2c8959-c61c-40d7-85ab-28eee06bbfab,c6d7b0a7-365e-4459-bdf2-af2dcbf19829,UPDATE,"{""field"": ""data_conclusao_solucao"", ""new_value"": ""2025-06-11"", ""old_value"": null}",2025-08-09 20:16:08.119255+00
179,a11745e9-7c1e-4cca-8371-7fe2186ca6fe,c6d7b0a7-365e-4459-bdf2-af2dcbf19829,UPDATE,"{""field"": ""planejamento_cronologia_solucao"", ""new_value"": ""Foi realizado uma reunião de alinhamento a respeito com os coordenadores , adm e TST"", ""old_value"": null}",2025-08-09 20:17:17.386469+00
180,a11745e9-7c1e-4cca-8371-7fe2186ca6fe,c6d7b0a7-365e-4459-bdf2-af2dcbf19829,UPDATE,"{""field"": ""data_conclusao_solucao"", ""new_value"": ""2025-06-12"", ""old_value"": null}",2025-08-09 20:17:17.386469+00
181,a11745e9-7c1e-4cca-8371-7fe2186ca6fe,c6d7b0a7-365e-4459-bdf2-af2dcbf19829,ADD_RESPONSIBLE,"{""responsible_id"": ""c6d7b0a7-365e-4459-bdf2-af2dcbf19829"", ""responsible_name"": ""Meire Pereira De Almeida""}",2025-08-09 20:17:17.386469+00
182,f33a49c1-beae-42b7-aad0-9b25bcfc36ee,c6d7b0a7-365e-4459-bdf2-af2dcbf19829,UPDATE,"{""field"": ""planejamento_cronologia_solucao"", ""new_value"": ""Equipe foi conscientizada de manter o local livre, pelo Coordenador de Operações e TST. O fato foi discutido na reunião da ECO"", ""old_value"": null}",2025-08-09 20:19:33.737145+00
183,f33a49c1-beae-42b7-aad0-9b25bcfc36ee,c6d7b0a7-365e-4459-bdf2-af2dcbf19829,UPDATE,"{""field"": ""data_conclusao_solucao"", ""new_value"": ""2025-06-13"", ""old_value"": null}",2025-08-09 20:19:33.737145+00
184,f33a49c1-beae-42b7-aad0-9b25bcfc36ee,c6d7b0a7-365e-4459-bdf2-af2dcbf19829,ADD_RESPONSIBLE,"{""responsible_id"": ""6ba5fe19-e200-4bce-a381-ee26afb7d383"", ""responsible_name"": ""Averlan Pereira Da Silva""}",2025-08-09 20:19:33.737145+00
185,37e91058-f5bd-4ccc-bdc2-a1c39fbb228b,c6d7b0a7-365e-4459-bdf2-af2dcbf19829,UPDATE,"{""field"": ""planejamento_cronologia_solucao"", ""new_value"": ""Foi instruído ao encarregado (Joabe), de produção para orientar a equipe a respeito desse procedimento e aplicar o treinamento de carga e descarga . O fato foi discutido na reunião da ECO"", ""old_value"": null}",2025-08-09 20:22:37.346427+00
186,37e91058-f5bd-4ccc-bdc2-a1c39fbb228b,c6d7b0a7-365e-4459-bdf2-af2dcbf19829,UPDATE,"{""field"": ""data_conclusao_solucao"", ""new_value"": ""2025-06-17"", ""old_value"": null}",2025-08-09 20:22:37.346427+00
187,8c0d8255-c1de-4203-89b6-62a5e1eb1fcb,c6d7b0a7-365e-4459-bdf2-af2dcbf19829,UPDATE,"{""field"": ""planejamento_cronologia_solucao"", ""new_value"": ""Coordenador de produção realizou uma reunião com a equipe de produção respeito do uso dos EPIs, na plataforma "", ""old_value"": null}",2025-08-09 20:26:37.39252+00
188,8c0d8255-c1de-4203-89b6-62a5e1eb1fcb,c6d7b0a7-365e-4459-bdf2-af2dcbf19829,UPDATE,"{""field"": ""data_conclusao_solucao"", ""new_value"": ""2025-06-12"", ""old_value"": null}",2025-08-09 20:26:37.39252+00
189,8c0d8255-c1de-4203-89b6-62a5e1eb1fcb,c6d7b0a7-365e-4459-bdf2-af2dcbf19829,ADD_RESPONSIBLE,"{""responsible_id"": ""3f650743-6565-4f08-8a8f-08c371ceaa12"", ""responsible_name"": ""Valdivino Ribeiro Da Silva""}",2025-08-09 20:26:37.39252+00
190,9ad65afc-f2bc-45ef-9555-caea5aac5c4a,c6d7b0a7-365e-4459-bdf2-af2dcbf19829,UPDATE,"{""field"": ""planejamento_cronologia_solucao"", ""new_value"": ""Foi realizado uma bate papo com o motorista a respeito e conscientização do uso do calço e capacete "", ""old_value"": null}",2025-08-09 20:28:40.138886+00
191,9ad65afc-f2bc-45ef-9555-caea5aac5c4a,c6d7b0a7-365e-4459-bdf2-af2dcbf19829,UPDATE,"{""field"": ""data_conclusao_solucao"", ""new_value"": ""2025-06-13"", ""old_value"": null}",2025-08-09 20:28:40.138886+00
192,9ad65afc-f2bc-45ef-9555-caea5aac5c4a,c6d7b0a7-365e-4459-bdf2-af2dcbf19829,ADD_RESPONSIBLE,"{""responsible_id"": ""c6d7b0a7-365e-4459-bdf2-af2dcbf19829"", ""responsible_name"": ""Meire Pereira De Almeida""}",2025-08-09 20:28:40.138886+00
193,9ad65afc-f2bc-45ef-9555-caea5aac5c4a,c6d7b0a7-365e-4459-bdf2-af2dcbf19829,ADD_RESPONSIBLE,"{""responsible_id"": ""3f650743-6565-4f08-8a8f-08c371ceaa12"", ""responsible_name"": ""Valdivino Ribeiro Da Silva""}",2025-08-09 20:28:40.138886+00
194,740000ca-1311-4e4d-990d-17f4b833ec3a,c6d7b0a7-365e-4459-bdf2-af2dcbf19829,UPDATE,"{""field"": ""planejamento_cronologia_solucao"", ""new_value"": ""Serviço executado conforme ordem de serviço 130056516\n\n1245\tOPE\tOPE-1245\t1\tMuito elevado\t17.06.2025\t\t\t1100016166\t130056516\tX2\tMANUTENÇÃO TRANSP TELESCOPICO Nº01\t\t1245-030\tENGARRAFAMENTO\t101890\tLTE-245001 TRANSPORTADOR TELESCÓPICO\t\tMSEN MSIM ORDA\tDROT\tRICARDO\t\t00:00:00\t18.06.2025\t10:38:51\t17.06.2025\t10:38:57\t\t00:00:00\t\t0,00\t18.06.2025\t08:42:45\n"", ""old_value"": null}",2025-08-09 20:39:49.943341+00
195,740000ca-1311-4e4d-990d-17f4b833ec3a,c6d7b0a7-365e-4459-bdf2-af2dcbf19829,UPDATE,"{""field"": ""data_conclusao_solucao"", ""new_value"": ""2025-06-17"", ""old_value"": null}",2025-08-09 20:39:49.943341+00
196,740000ca-1311-4e4d-990d-17f4b833ec3a,c6d7b0a7-365e-4459-bdf2-af2dcbf19829,ADD_RESPONSIBLE,"{""responsible_id"": ""b89a88c7-de0d-4901-908c-fec2d058dc87"", ""responsible_name"": ""Ricardo Martins Lima""}",2025-08-09 20:39:49.943341+00
197,06fa80de-2f93-4b7a-ba04-2d8715ad1599,c6d7b0a7-365e-4459-bdf2-af2dcbf19829,UPDATE,"{""field"": ""planejamento_cronologia_solucao"", ""new_value"": ""Funcionário foi orientado a não realizar essa atividade, pelo líder da empresa da Contract"", ""old_value"": null}",2025-08-09 20:41:52.470986+00
198,06fa80de-2f93-4b7a-ba04-2d8715ad1599,c6d7b0a7-365e-4459-bdf2-af2dcbf19829,UPDATE,"{""field"": ""data_conclusao_solucao"", ""new_value"": ""2025-07-17"", ""old_value"": null}",2025-08-09 20:41:52.470986+00
199,06fa80de-2f93-4b7a-ba04-2d8715ad1599,c6d7b0a7-365e-4459-bdf2-af2dcbf19829,ADD_RESPONSIBLE,"{""responsible_id"": ""3f650743-6565-4f08-8a8f-08c371ceaa12"", ""responsible_name"": ""Valdivino Ribeiro Da Silva""}",2025-08-09 20:41:52.470986+00
200,0ddafe0c-1dcc-429b-a0ad-8826946dbedc,c6d7b0a7-365e-4459-bdf2-af2dcbf19829,UPDATE,"{""field"": ""planejamento_cronologia_solucao"", ""new_value"": ""O mesmo foi orientado a respeito o fato foi discutido na reunião da ECO no dia 13/06/25"", ""old_value"": null}",2025-08-09 20:43:07.449735+00
201,0ddafe0c-1dcc-429b-a0ad-8826946dbedc,c6d7b0a7-365e-4459-bdf2-af2dcbf19829,UPDATE,"{""field"": ""data_conclusao_solucao"", ""new_value"": ""2025-06-19"", ""old_value"": null}",2025-08-09 20:43:07.449735+00
202,0ddafe0c-1dcc-429b-a0ad-8826946dbedc,c6d7b0a7-365e-4459-bdf2-af2dcbf19829,ADD_RESPONSIBLE,"{""responsible_id"": ""3f650743-6565-4f08-8a8f-08c371ceaa12"", ""responsible_name"": ""Valdivino Ribeiro Da Silva""}",2025-08-09 20:43:07.449735+00
203,894fedf9-eb35-4cb5-a2a3-12a525e42d9c,c6d7b0a7-365e-4459-bdf2-af2dcbf19829,UPDATE,"{""field"": ""planejamento_cronologia_solucao"", ""new_value"": ""Funcionário orientado sobre essa atitude, discutido na reunião da ECO"", ""old_value"": null}",2025-08-09 20:44:18.524466+00
204,894fedf9-eb35-4cb5-a2a3-12a525e42d9c,c6d7b0a7-365e-4459-bdf2-af2dcbf19829,UPDATE,"{""field"": ""data_conclusao_solucao"", ""new_value"": ""2025-06-14"", ""old_value"": null}",2025-08-09 20:44:18.524466+00
205,894fedf9-eb35-4cb5-a2a3-12a525e42d9c,c6d7b0a7-365e-4459-bdf2-af2dcbf19829,ADD_RESPONSIBLE,"{""responsible_id"": ""3f650743-6565-4f08-8a8f-08c371ceaa12"", ""responsible_name"": ""Valdivino Ribeiro Da Silva""}",2025-08-09 20:44:18.524466+00
206,d02cdc9b-da1c-49df-a857-5a9712a224df,c6d7b0a7-365e-4459-bdf2-af2dcbf19829,UPDATE,"{""field"": ""planejamento_cronologia_solucao"", ""new_value"": ""foi discutido na reunião da ECO sobre esse fato e que estamos levando isso para nossa sede para exigir esse EPI pois não está claro, essa exigência"", ""old_value"": null}",2025-08-09 20:45:46.197998+00
207,d02cdc9b-da1c-49df-a857-5a9712a224df,c6d7b0a7-365e-4459-bdf2-af2dcbf19829,UPDATE,"{""field"": ""data_conclusao_solucao"", ""new_value"": ""2025-06-17"", ""old_value"": null}",2025-08-09 20:45:46.197998+00
208,9c481a0c-5e91-4226-9417-9ee8b43b8535,c6d7b0a7-365e-4459-bdf2-af2dcbf19829,UPDATE,"{""field"": ""planejamento_cronologia_solucao"", ""new_value"": ""foi discutido na reunião da eco o fato e solicitado o nivelamento ao líder de produção "", ""old_value"": null}",2025-08-09 20:46:55.570994+00
209,9c481a0c-5e91-4226-9417-9ee8b43b8535,c6d7b0a7-365e-4459-bdf2-af2dcbf19829,UPDATE,"{""field"": ""data_conclusao_solucao"", ""new_value"": ""2025-06-16"", ""old_value"": null}",2025-08-09 20:46:55.570994+00
210,9c481a0c-5e91-4226-9417-9ee8b43b8535,c6d7b0a7-365e-4459-bdf2-af2dcbf19829,ADD_RESPONSIBLE,"{""responsible_id"": ""3f650743-6565-4f08-8a8f-08c371ceaa12"", ""responsible_name"": ""Valdivino Ribeiro Da Silva""}",2025-08-09 20:46:55.570994+00
211,fe49956d-49b5-4233-8139-7b64a2fc6960,c6d7b0a7-365e-4459-bdf2-af2dcbf19829,UPDATE,"{""field"": ""planejamento_cronologia_solucao"", ""new_value"": ""Foi discutido esse fato na reunião da ECO, onde foi solicitado a correção desse ato inseguro "", ""old_value"": null}",2025-08-09 20:48:03.732546+00
212,fe49956d-49b5-4233-8139-7b64a2fc6960,c6d7b0a7-365e-4459-bdf2-af2dcbf19829,UPDATE,"{""field"": ""data_conclusao_solucao"", ""new_value"": ""2025-06-18"", ""old_value"": null}",2025-08-09 20:48:03.732546+00
213,fe49956d-49b5-4233-8139-7b64a2fc6960,c6d7b0a7-365e-4459-bdf2-af2dcbf19829,ADD_RESPONSIBLE,"{""responsible_id"": ""3f650743-6565-4f08-8a8f-08c371ceaa12"", ""responsible_name"": ""Valdivino Ribeiro Da Silva""}",2025-08-09 20:48:03.732546+00
214,8845b9c7-dbfa-4e4b-81ff-1c37e57ebe1b,c6d7b0a7-365e-4459-bdf2-af2dcbf19829,UPDATE,"{""field"": ""planejamento_cronologia_solucao"", ""new_value"": ""Foi discutido na reunião da eco o fato \nEstamos solicitando investimento junto a nossa sede para compra de lanças maiores e mais modernas, onde será realizado um estudo a respeito em novembro. Para como contra medida foi solicitado o uso dos carrinhos"", ""old_value"": null}",2025-08-09 20:50:37.275608+00
215,8845b9c7-dbfa-4e4b-81ff-1c37e57ebe1b,c6d7b0a7-365e-4459-bdf2-af2dcbf19829,UPDATE,"{""field"": ""data_conclusao_solucao"", ""new_value"": ""2025-06-18"", ""old_value"": null}",2025-08-09 20:50:37.275608+00
216,8845b9c7-dbfa-4e4b-81ff-1c37e57ebe1b,c6d7b0a7-365e-4459-bdf2-af2dcbf19829,ADD_RESPONSIBLE,"{""responsible_id"": ""3f650743-6565-4f08-8a8f-08c371ceaa12"", ""responsible_name"": ""Valdivino Ribeiro Da Silva""}",2025-08-09 20:50:37.275608+00
217,e733336c-f3d6-494f-99cb-c4d340da5990,c6d7b0a7-365e-4459-bdf2-af2dcbf19829,UPDATE,"{""field"": ""planejamento_cronologia_solucao"", ""new_value"": ""Serviço executado conforme ordem 130056827\n\n1245\tOPE\tOPE-1245\t2\tElevado\t30.06.2025\t\t\t1100016440\t130056827\tX2\tManutenção entrada do carrossel\tX\t1245-030\tENGARRAFAMENTO\t101852\tCMEC-245001 CARROSSEL MECÂNICO\t\tMSEN MSIM ORDA\tDROT\tRICARDO\t\t00:00:00\t02.07.2025\t13:50:53\t30.06.2025\t13:50:57\t\t00:00:00\t\t0,00\t17.07.2025\t10:47:00\n"", ""old_value"": null}",2025-08-09 20:52:37.635149+00
218,e733336c-f3d6-494f-99cb-c4d340da5990,c6d7b0a7-365e-4459-bdf2-af2dcbf19829,UPDATE,"{""field"": ""data_conclusao_solucao"", ""new_value"": ""2025-06-30"", ""old_value"": null}",2025-08-09 20:52:37.635149+00
219,e733336c-f3d6-494f-99cb-c4d340da5990,c6d7b0a7-365e-4459-bdf2-af2dcbf19829,ADD_RESPONSIBLE,"{""responsible_id"": ""b89a88c7-de0d-4901-908c-fec2d058dc87"", ""responsible_name"": ""Ricardo Martins Lima""}",2025-08-09 20:52:37.635149+00
220,4a125f06-d3e3-4686-a3ba-b0f572547fc1,c6d7b0a7-365e-4459-bdf2-af2dcbf19829,UPDATE,"{""field"": ""planejamento_cronologia_solucao"", ""new_value"": ""favor verificar se tem notificação"", ""old_value"": null}",2025-08-09 20:53:18.894892+00
221,4a125f06-d3e3-4686-a3ba-b0f572547fc1,c6d7b0a7-365e-4459-bdf2-af2dcbf19829,ADD_RESPONSIBLE,"{""responsible_id"": ""dfc45ffc-42fe-4d61-8ebb-033b7b43da3d"", ""responsible_name"": ""Vanusa Alves Da Mota""}",2025-08-09 20:53:18.894892+00
222,dfee647e-c43f-4502-8138-db2c9fe4e12b,c6d7b0a7-365e-4459-bdf2-af2dcbf19829,UPDATE,"{""field"": ""planejamento_cronologia_solucao"", ""new_value"": ""Esse fato foi tratado na reunião da eco, estamos conversando com a sede a respeito da exigência desse EPI pois apesar do curso MOPE orientar nosso procedimento não é claro"", ""old_value"": null}",2025-08-09 20:54:54.639108+00
223,dfee647e-c43f-4502-8138-db2c9fe4e12b,c6d7b0a7-365e-4459-bdf2-af2dcbf19829,UPDATE,"{""field"": ""data_conclusao_solucao"", ""new_value"": ""2025-06-20"", ""old_value"": null}",2025-08-09 20:54:54.639108+00
224,dfee647e-c43f-4502-8138-db2c9fe4e12b,c6d7b0a7-365e-4459-bdf2-af2dcbf19829,ADD_RESPONSIBLE,"{""responsible_id"": ""3f650743-6565-4f08-8a8f-08c371ceaa12"", ""responsible_name"": ""Valdivino Ribeiro Da Silva""}",2025-08-09 20:54:54.639108+00
225,4b0e54f9-398d-4646-9e3f-4c89eda7447c,c6d7b0a7-365e-4459-bdf2-af2dcbf19829,UPDATE,"{""field"": ""data_conclusao_solucao"", ""new_value"": ""2025-06-19"", ""old_value"": null}",2025-08-09 20:55:20.517978+00
226,ade53c8c-3116-4c69-bcc9-4f31091988ae,c6d7b0a7-365e-4459-bdf2-af2dcbf19829,UPDATE,"{""field"": ""planejamento_cronologia_solucao"", ""new_value"": ""Fato discutido na reunião da ECO e solicitado ao encarregado da empresa de carga e descarga a orientar o funcionário, "", ""old_value"": null}",2025-08-09 20:56:53.683428+00
227,ade53c8c-3116-4c69-bcc9-4f31091988ae,c6d7b0a7-365e-4459-bdf2-af2dcbf19829,UPDATE,"{""field"": ""data_conclusao_solucao"", ""new_value"": ""2025-06-20"", ""old_value"": null}",2025-08-09 20:56:53.683428+00
228,ade53c8c-3116-4c69-bcc9-4f31091988ae,c6d7b0a7-365e-4459-bdf2-af2dcbf19829,ADD_RESPONSIBLE,"{""responsible_id"": ""3f650743-6565-4f08-8a8f-08c371ceaa12"", ""responsible_name"": ""Valdivino Ribeiro Da Silva""}",2025-08-09 20:56:53.683428+00
229,221dcc12-0a8b-4a5c-998e-c87d2148da18,c6d7b0a7-365e-4459-bdf2-af2dcbf19829,UPDATE,"{""field"": ""planejamento_cronologia_solucao"", ""new_value"": ""discutido na reunião da eco o fato, o líder de produção orientou o motorista "", ""old_value"": null}",2025-08-09 20:58:30.765409+00
230,221dcc12-0a8b-4a5c-998e-c87d2148da18,c6d7b0a7-365e-4459-bdf2-af2dcbf19829,UPDATE,"{""field"": ""data_conclusao_solucao"", ""new_value"": ""2025-06-20"", ""old_value"": null}",2025-08-09 20:58:30.765409+00
231,221dcc12-0a8b-4a5c-998e-c87d2148da18,c6d7b0a7-365e-4459-bdf2-af2dcbf19829,ADD_RESPONSIBLE,"{""responsible_id"": ""6ba5fe19-e200-4bce-a381-ee26afb7d383"", ""responsible_name"": ""Averlan Pereira Da Silva""}",2025-08-09 20:58:30.765409+00
232,3701a7f5-23ae-48d7-9b94-5fa985e654c9,c6d7b0a7-365e-4459-bdf2-af2dcbf19829,UPDATE,"{""field"": ""planejamento_cronologia_solucao"", ""new_value"": ""Discutido na reunião da eco, solicitado ao líder orientar aos colaboradores que estavam trabalhando naquela atividade a seguir o procedimento"", ""old_value"": null}",2025-08-09 20:59:48.195538+00
233,3701a7f5-23ae-48d7-9b94-5fa985e654c9,c6d7b0a7-365e-4459-bdf2-af2dcbf19829,UPDATE,"{""field"": ""data_conclusao_solucao"", ""new_value"": ""2025-06-20"", ""old_value"": null}",2025-08-09 20:59:48.195538+00
234,3701a7f5-23ae-48d7-9b94-5fa985e654c9,c6d7b0a7-365e-4459-bdf2-af2dcbf19829,ADD_RESPONSIBLE,"{""responsible_id"": ""3f650743-6565-4f08-8a8f-08c371ceaa12"", ""responsible_name"": ""Valdivino Ribeiro Da Silva""}",2025-08-09 20:59:48.195538+00
235,276ac906-5fd3-4381-9fd9-90a3e63dce95,c6d7b0a7-365e-4459-bdf2-af2dcbf19829,UPDATE,"{""field"": ""planejamento_cronologia_solucao"", ""new_value"": ""situação corrigida, "", ""old_value"": null}",2025-08-09 21:00:43.396844+00
236,276ac906-5fd3-4381-9fd9-90a3e63dce95,c6d7b0a7-365e-4459-bdf2-af2dcbf19829,UPDATE,"{""field"": ""data_conclusao_solucao"", ""new_value"": ""2025-06-25"", ""old_value"": null}",2025-08-09 21:00:43.396844+00
237,662ea8aa-d119-42b8-9270-f9758ea17bb0,c6d7b0a7-365e-4459-bdf2-af2dcbf19829,UPDATE,"{""field"": ""planejamento_cronologia_solucao"", ""new_value"": ""Foi discutido o fato na reunião do ECO a respeito, o Coordenador de Operações e o líder inspecionarão a carrete e verificou que o assoalho tem ondulações pediu atenção para equipe quando for trabalhar no veiculo, o fato também foi levado a gerencia comercial para tratar o assunto, assim como entramos em contato como proprietário para resolver o problema."", ""old_value"": null}",2025-08-09 21:01:27.941906+00
238,662ea8aa-d119-42b8-9270-f9758ea17bb0,c6d7b0a7-365e-4459-bdf2-af2dcbf19829,UPDATE,"{""field"": ""data_conclusao_solucao"", ""new_value"": ""2025-06-26"", ""old_value"": null}",2025-08-09 21:01:27.941906+00
239,8b1941e6-fca5-400a-8420-8d74483cd9cb,c6d7b0a7-365e-4459-bdf2-af2dcbf19829,UPDATE,"{""field"": ""planejamento_cronologia_solucao"", ""new_value"": ""Foi comprada a bala clava para a proteção dos colaboradores"", ""old_value"": null}",2025-08-09 21:02:22.001835+00
240,8b1941e6-fca5-400a-8420-8d74483cd9cb,c6d7b0a7-365e-4459-bdf2-af2dcbf19829,UPDATE,"{""field"": ""data_conclusao_solucao"", ""new_value"": ""2025-06-26"", ""old_value"": null}",2025-08-09 21:02:22.001835+00
241,8b1941e6-fca5-400a-8420-8d74483cd9cb,c6d7b0a7-365e-4459-bdf2-af2dcbf19829,ADD_RESPONSIBLE,"{""responsible_id"": ""c6d7b0a7-365e-4459-bdf2-af2dcbf19829"", ""responsible_name"": ""Meire Pereira De Almeida""}",2025-08-09 21:02:22.001835+00
242,3dabb49d-7694-45ab-a0e7-66c6c7238086,c6d7b0a7-365e-4459-bdf2-af2dcbf19829,UPDATE,"{""field"": ""planejamento_cronologia_solucao"", ""new_value"": ""Serviço executado ordem de serviço - 130056829 \n\n1245\tOPE\tOPE-1245\t2\tElevado\t30.06.2025\t\t\t1100016442\t130056829\tX2\tManutenção guarda-corpo da lança N° 02\tX\t1245-030\tENGARRAFAMENTO\t101891\tLTE-245002 TRANSPORTADOR TELESCÓPICO\t\tMSEN MSIM ORDA\tDROT\tALEX\t\t00:00:00\t02.07.2025\t13:54:26\t30.06.2025\t13:54:48\t\t00:00:00\t\t0,00\t17.07.2025\t10:47:13\n\n"", ""old_value"": null}",2025-08-09 21:06:05.14992+00
243,3dabb49d-7694-45ab-a0e7-66c6c7238086,c6d7b0a7-365e-4459-bdf2-af2dcbf19829,UPDATE,"{""field"": ""data_conclusao_solucao"", ""new_value"": ""2025-06-30"", ""old_value"": null}",2025-08-09 21:06:05.14992+00
244,3dabb49d-7694-45ab-a0e7-66c6c7238086,c6d7b0a7-365e-4459-bdf2-af2dcbf19829,ADD_RESPONSIBLE,"{""responsible_id"": ""6fd85913-37d1-4107-b244-42e8d9885945"", ""responsible_name"": ""Raimundo Alex Martins Botelho""}",2025-08-09 21:06:05.14992+00
245,2dd815c7-b314-4199-8c39-1d1cf5784cbd,c6d7b0a7-365e-4459-bdf2-af2dcbf19829,UPDATE,"{""field"": ""planejamento_cronologia_solucao"", ""new_value"": ""Serviço executado conforme ordem 130056829\n\n1245\tOPE\tOPE-1245\t2\tElevado\t30.06.2025\t\t\t1100016442\t130056829\tX2\tManutenção guarda-corpo da lança N° 02\tX\t1245-030\tENGARRAFAMENTO\t101891\tLTE-245002 TRANSPORTADOR TELESCÓPICO\t\tMSEN MSIM ORDA\tDROT\tALEX\t\t00:00:00\t02.07.2025\t13:54:26\t30.06.2025\t13:54:48\t\t00:00:00\t\t0,00\t17.07.2025\t10:47:13\n"", ""old_value"": null}",2025-08-09 21:06:49.337189+00
246,2dd815c7-b314-4199-8c39-1d1cf5784cbd,c6d7b0a7-365e-4459-bdf2-af2dcbf19829,UPDATE,"{""field"": ""data_conclusao_solucao"", ""new_value"": ""2025-06-30"", ""old_value"": null}",2025-08-09 21:06:49.337189+00
247,2dd815c7-b314-4199-8c39-1d1cf5784cbd,c6d7b0a7-365e-4459-bdf2-af2dcbf19829,ADD_RESPONSIBLE,"{""responsible_id"": ""6fd85913-37d1-4107-b244-42e8d9885945"", ""responsible_name"": ""Raimundo Alex Martins Botelho""}",2025-08-09 21:06:49.337189+00
248,0b112a20-dcc3-4026-b299-d9654b433e19,c6d7b0a7-365e-4459-bdf2-af2dcbf19829,UPDATE,"{""field"": ""data_conclusao_solucao"", ""new_value"": ""2025-06-26"", ""old_value"": null}",2025-08-09 21:08:33.283805+00
249,2c2bae2f-3145-485b-a78c-65bb0d729e22,c6d7b0a7-365e-4459-bdf2-af2dcbf19829,UPDATE,"{""field"": ""planejamento_cronologia_solucao"", ""new_value"": ""TST realizou um bate papo a respeito de contaminação cruzada "", ""old_value"": null}",2025-08-09 21:09:20.577499+00
250,2c2bae2f-3145-485b-a78c-65bb0d729e22,c6d7b0a7-365e-4459-bdf2-af2dcbf19829,UPDATE,"{""field"": ""data_conclusao_solucao"", ""new_value"": ""2025-08-05"", ""old_value"": null}",2025-08-09 21:09:20.577499+00
251,2c2bae2f-3145-485b-a78c-65bb0d729e22,c6d7b0a7-365e-4459-bdf2-af2dcbf19829,ADD_RESPONSIBLE,"{""responsible_id"": ""dfc45ffc-42fe-4d61-8ebb-033b7b43da3d"", ""responsible_name"": ""Vanusa Alves Da Mota""}",2025-08-09 21:09:20.577499+00
252,af96b440-ed39-413c-bd58-1270df1cf0be,c6d7b0a7-365e-4459-bdf2-af2dcbf19829,UPDATE,"{""field"": ""planejamento_cronologia_solucao"", ""new_value"": ""Realizar bate papo com o motorista"", ""old_value"": null}",2025-08-09 21:10:03.06959+00
253,af96b440-ed39-413c-bd58-1270df1cf0be,c6d7b0a7-365e-4459-bdf2-af2dcbf19829,ADD_RESPONSIBLE,"{""responsible_id"": ""dfc45ffc-42fe-4d61-8ebb-033b7b43da3d"", ""responsible_name"": ""Vanusa Alves Da Mota""}",2025-08-09 21:10:03.06959+00
254,dcc5f812-1133-40f4-98ff-26a890eed468,c6d7b0a7-365e-4459-bdf2-af2dcbf19829,UPDATE,"{""field"": ""planejamento_cronologia_solucao"", ""new_value"": ""Discutido na reunião da ECO, coordenador pediu ao líder orientar a equipe a respeito"", ""old_value"": null}",2025-08-09 21:11:32.599708+00
255,dcc5f812-1133-40f4-98ff-26a890eed468,c6d7b0a7-365e-4459-bdf2-af2dcbf19829,UPDATE,"{""field"": ""data_conclusao_solucao"", ""new_value"": ""2025-07-03"", ""old_value"": null}",2025-08-09 21:11:32.599708+00
256,dcc5f812-1133-40f4-98ff-26a890eed468,c6d7b0a7-365e-4459-bdf2-af2dcbf19829,ADD_RESPONSIBLE,"{""responsible_id"": ""6ba5fe19-e200-4bce-a381-ee26afb7d383"", ""responsible_name"": ""Averlan Pereira Da Silva""}",2025-08-09 21:11:32.599708+00
257,b675fdc9-f60e-4784-89ec-93d1c623b05e,c6d7b0a7-365e-4459-bdf2-af2dcbf19829,UPDATE,"{""field"": ""planejamento_cronologia_solucao"", ""new_value"": ""discutido na reunião da ECO, líder de plataforma orientou aos funcionarios"", ""old_value"": null}",2025-08-09 21:13:05.614125+00
258,b675fdc9-f60e-4784-89ec-93d1c623b05e,c6d7b0a7-365e-4459-bdf2-af2dcbf19829,UPDATE,"{""field"": ""data_conclusao_solucao"", ""new_value"": ""2025-07-04"", ""old_value"": null}",2025-08-09 21:13:05.614125+00
259,b675fdc9-f60e-4784-89ec-93d1c623b05e,c6d7b0a7-365e-4459-bdf2-af2dcbf19829,ADD_RESPONSIBLE,"{""responsible_id"": ""6ba5fe19-e200-4bce-a381-ee26afb7d383"", ""responsible_name"": ""Averlan Pereira Da Silva""}",2025-08-09 21:13:05.614125+00
260,50245523-0d98-4156-91d2-ea74f361e54a,c6d7b0a7-365e-4459-bdf2-af2dcbf19829,UPDATE,"{""field"": ""planejamento_cronologia_solucao"", ""new_value"": ""Discutido na reunião da eco líder de plataforma orientou aos colaboradores"", ""old_value"": null}",2025-08-09 21:13:46.627158+00
261,50245523-0d98-4156-91d2-ea74f361e54a,c6d7b0a7-365e-4459-bdf2-af2dcbf19829,UPDATE,"{""field"": ""data_conclusao_solucao"", ""new_value"": ""2025-07-03"", ""old_value"": null}",2025-08-09 21:13:46.627158+00
262,50245523-0d98-4156-91d2-ea74f361e54a,c6d7b0a7-365e-4459-bdf2-af2dcbf19829,ADD_RESPONSIBLE,"{""responsible_id"": ""6ba5fe19-e200-4bce-a381-ee26afb7d383"", ""responsible_name"": ""Averlan Pereira Da Silva""}",2025-08-09 21:13:46.627158+00
263,5a034e07-e099-4dd4-8be4-6967b77b31ad,c6d7b0a7-365e-4459-bdf2-af2dcbf19829,UPDATE,"{""field"": ""planejamento_cronologia_solucao"", ""new_value"": ""discutido na reunião da eco porém não tivemos mais informações para dar a tratativa"", ""old_value"": null}",2025-08-09 21:14:41.375684+00
264,5a034e07-e099-4dd4-8be4-6967b77b31ad,c6d7b0a7-365e-4459-bdf2-af2dcbf19829,UPDATE,"{""field"": ""data_conclusao_solucao"", ""new_value"": ""2025-07-09"", ""old_value"": null}",2025-08-09 21:14:41.375684+00
265,8a384321-fc6f-447f-9307-53feb7b6cfc6,c6d7b0a7-365e-4459-bdf2-af2dcbf19829,UPDATE,"{""field"": ""planejamento_cronologia_solucao"", ""new_value"": ""levar o fato ao encarregado do mesmo "", ""old_value"": null}",2025-08-09 21:16:48.716258+00
266,8a384321-fc6f-447f-9307-53feb7b6cfc6,c6d7b0a7-365e-4459-bdf2-af2dcbf19829,ADD_RESPONSIBLE,"{""responsible_id"": ""dfc45ffc-42fe-4d61-8ebb-033b7b43da3d"", ""responsible_name"": ""Vanusa Alves Da Mota""}",2025-08-09 21:16:48.716258+00
267,b5338d03-c80c-463d-81f0-4251dd3c1658,c6d7b0a7-365e-4459-bdf2-af2dcbf19829,UPDATE,"{""field"": ""planejamento_cronologia_solucao"", ""new_value"": ""Fazer um bate papo com  os motoristas e carga e descarga "", ""old_value"": null}",2025-08-09 21:17:32.455394+00
268,b5338d03-c80c-463d-81f0-4251dd3c1658,c6d7b0a7-365e-4459-bdf2-af2dcbf19829,ADD_RESPONSIBLE,"{""responsible_id"": ""dfc45ffc-42fe-4d61-8ebb-033b7b43da3d"", ""responsible_name"": ""Vanusa Alves Da Mota""}",2025-08-09 21:17:32.455394+00
269,145deb42-6bdd-4d5c-b214-38801a2a88e5,c6d7b0a7-365e-4459-bdf2-af2dcbf19829,UPDATE,"{""field"": ""planejamento_cronologia_solucao"", ""new_value"": ""Precisamos de mais informações sobre o veículo para darmos as tratativas"", ""old_value"": null}",2025-08-09 21:18:45.435441+00
270,145deb42-6bdd-4d5c-b214-38801a2a88e5,c6d7b0a7-365e-4459-bdf2-af2dcbf19829,UPDATE,"{""field"": ""data_conclusao_solucao"", ""new_value"": ""2025-07-08"", ""old_value"": null}",2025-08-09 21:18:45.435441+00
271,9b6b2e30-4de7-458b-8606-cea3e6f6e267,c6d7b0a7-365e-4459-bdf2-af2dcbf19829,UPDATE,"{""field"": ""planejamento_cronologia_solucao"", ""new_value"": ""Estaremos fazendo um bate papo com os motorista, "", ""old_value"": null}",2025-08-09 21:20:01.612715+00
272,9b6b2e30-4de7-458b-8606-cea3e6f6e267,c6d7b0a7-365e-4459-bdf2-af2dcbf19829,ADD_RESPONSIBLE,"{""responsible_id"": ""dfc45ffc-42fe-4d61-8ebb-033b7b43da3d"", ""responsible_name"": ""Vanusa Alves Da Mota""}",2025-08-09 21:20:01.612715+00
273,e16c22b8-3dde-47b6-b9c1-1b8ed3876017,c6d7b0a7-365e-4459-bdf2-af2dcbf19829,UPDATE,"{""field"": ""planejamento_cronologia_solucao"", ""new_value"": ""o mesmo foi orientado a respeito"", ""old_value"": null}",2025-08-09 21:20:29.640654+00
274,e16c22b8-3dde-47b6-b9c1-1b8ed3876017,c6d7b0a7-365e-4459-bdf2-af2dcbf19829,UPDATE,"{""field"": ""data_conclusao_solucao"", ""new_value"": ""2025-07-11"", ""old_value"": null}",2025-08-09 21:20:29.640654+00
275,f3d67bba-8f92-4d17-9e32-d087293196f5,c6d7b0a7-365e-4459-bdf2-af2dcbf19829,UPDATE,"{""field"": ""planejamento_cronologia_solucao"", ""new_value"": ""Serviço executado conforme ordem 130057128\n\n1245\tOPE\tOPE-1245\t\t\t11.07.2025\t\t\t1100016674\t130057128\tX2\tServiço na lança telescopica Nº01\tX\t1245-030\tENGARRAFAMENTO\t101890\tLTE-245001 TRANSPORTADOR TELESCÓPICO\t\tMSEN MSIM ORDA\tDROT\tALEX\t11.07.2025\t14:44:37\t\t00:00:00\t11.07.2025\t14:46:30\t\t00:00:00\t\t0,00\t17.07.2025\t16:11:55\n"", ""old_value"": null}",2025-08-09 21:22:18.922073+00
276,f3d67bba-8f92-4d17-9e32-d087293196f5,c6d7b0a7-365e-4459-bdf2-af2dcbf19829,UPDATE,"{""field"": ""data_conclusao_solucao"", ""new_value"": ""2025-07-11"", ""old_value"": null}",2025-08-09 21:22:18.922073+00
277,f3d67bba-8f92-4d17-9e32-d087293196f5,c6d7b0a7-365e-4459-bdf2-af2dcbf19829,ADD_RESPONSIBLE,"{""responsible_id"": ""6fd85913-37d1-4107-b244-42e8d9885945"", ""responsible_name"": ""Raimundo Alex Martins Botelho""}",2025-08-09 21:22:18.922073+00
278,ac95b8ca-bceb-4c00-b4bf-5c575eea5e7a,c6d7b0a7-365e-4459-bdf2-af2dcbf19829,UPDATE,"{""field"": ""planejamento_cronologia_solucao"", ""new_value"": ""Foi conversado com o encarregado da empresa de carga e descarga a respeito desse comportamento e solicitamos a correção"", ""old_value"": null}",2025-08-09 21:23:16.754209+00
279,ac95b8ca-bceb-4c00-b4bf-5c575eea5e7a,c6d7b0a7-365e-4459-bdf2-af2dcbf19829,UPDATE,"{""field"": ""data_conclusao_solucao"", ""new_value"": ""2025-07-10"", ""old_value"": null}",2025-08-09 21:23:16.754209+00
280,ac95b8ca-bceb-4c00-b4bf-5c575eea5e7a,c6d7b0a7-365e-4459-bdf2-af2dcbf19829,ADD_RESPONSIBLE,"{""responsible_id"": ""c6d7b0a7-365e-4459-bdf2-af2dcbf19829"", ""responsible_name"": ""Meire Pereira De Almeida""}",2025-08-09 21:23:16.754209+00
281,f681cfa4-9aff-48a6-99c9-65166c5d8c74,c6d7b0a7-365e-4459-bdf2-af2dcbf19829,UPDATE,"{""field"": ""planejamento_cronologia_solucao"", ""new_value"": ""foi conversado com a funcionário do risco"", ""old_value"": null}",2025-08-09 21:24:01.473064+00
282,f681cfa4-9aff-48a6-99c9-65166c5d8c74,c6d7b0a7-365e-4459-bdf2-af2dcbf19829,UPDATE,"{""field"": ""data_conclusao_solucao"", ""new_value"": ""2025-07-17"", ""old_value"": null}",2025-08-09 21:24:01.473064+00
283,8b3ddfbc-29f4-4a5c-8131-d18462dc4d0a,c6d7b0a7-365e-4459-bdf2-af2dcbf19829,UPDATE,"{""field"": ""planejamento_cronologia_solucao"", ""new_value"": ""levar o fato ao encarregado do mesmo"", ""old_value"": null}",2025-08-09 21:24:54.20883+00
284,8b3ddfbc-29f4-4a5c-8131-d18462dc4d0a,c6d7b0a7-365e-4459-bdf2-af2dcbf19829,ADD_RESPONSIBLE,"{""responsible_id"": ""dfc45ffc-42fe-4d61-8ebb-033b7b43da3d"", ""responsible_name"": ""Vanusa Alves Da Mota""}",2025-08-09 21:24:54.20883+00
285,56478bf2-f252-46e4-9125-f6f7475bf2eb,c6d7b0a7-365e-4459-bdf2-af2dcbf19829,UPDATE,"{""field"": ""planejamento_cronologia_solucao"", ""new_value"": ""situação regularizada"", ""old_value"": null}",2025-08-09 21:25:47.982562+00
286,56478bf2-f252-46e4-9125-f6f7475bf2eb,c6d7b0a7-365e-4459-bdf2-af2dcbf19829,UPDATE,"{""field"": ""data_conclusao_solucao"", ""new_value"": ""2025-07-22"", ""old_value"": null}",2025-08-09 21:25:47.982562+00
287,56478bf2-f252-46e4-9125-f6f7475bf2eb,c6d7b0a7-365e-4459-bdf2-af2dcbf19829,ADD_RESPONSIBLE,"{""responsible_id"": ""dfc45ffc-42fe-4d61-8ebb-033b7b43da3d"", ""responsible_name"": ""Vanusa Alves Da Mota""}",2025-08-09 21:25:47.982562+00
288,8b2f2682-0605-4704-a7d5-d21342de361f,c6d7b0a7-365e-4459-bdf2-af2dcbf19829,UPDATE,"{""field"": ""planejamento_cronologia_solucao"", ""new_value"": ""Fazer um bate papo dos riscos desse ato, e informar que estamos criando um local descanso "", ""old_value"": null}",2025-08-09 21:26:46.869033+00
289,8b2f2682-0605-4704-a7d5-d21342de361f,c6d7b0a7-365e-4459-bdf2-af2dcbf19829,ADD_RESPONSIBLE,"{""responsible_id"": ""c6d7b0a7-365e-4459-bdf2-af2dcbf19829"", ""responsible_name"": ""Meire Pereira De Almeida""}",2025-08-09 21:26:46.869033+00
290,ecc2e753-3499-4e9a-9149-17b46b69acd1,c6d7b0a7-365e-4459-bdf2-af2dcbf19829,UPDATE,"{""field"": ""planejamento_cronologia_solucao"", ""new_value"": ""foi orientado a respeito"", ""old_value"": null}",2025-08-09 21:27:22.329875+00
291,ecc2e753-3499-4e9a-9149-17b46b69acd1,c6d7b0a7-365e-4459-bdf2-af2dcbf19829,UPDATE,"{""field"": ""data_conclusao_solucao"", ""new_value"": ""2025-08-20"", ""old_value"": null}",2025-08-09 21:27:22.329875+00
292,5806f9c8-2c03-4805-bee6-6044aba7cdd6,c6d7b0a7-365e-4459-bdf2-af2dcbf19829,UPDATE,"{""field"": ""planejamento_cronologia_solucao"", ""new_value"": ""Coordenador realizou um bate papo com a equipe a respeito"", ""old_value"": null}",2025-08-09 21:28:13.023952+00
293,5806f9c8-2c03-4805-bee6-6044aba7cdd6,c6d7b0a7-365e-4459-bdf2-af2dcbf19829,UPDATE,"{""field"": ""data_conclusao_solucao"", ""new_value"": ""2025-07-22"", ""old_value"": null}",2025-08-09 21:28:13.023952+00
294,5806f9c8-2c03-4805-bee6-6044aba7cdd6,c6d7b0a7-365e-4459-bdf2-af2dcbf19829,ADD_RESPONSIBLE,"{""responsible_id"": ""3f650743-6565-4f08-8a8f-08c371ceaa12"", ""responsible_name"": ""Valdivino Ribeiro Da Silva""}",2025-08-09 21:28:13.023952+00
295,ae3f4f57-2dae-498d-b79d-701cb0e13023,c6d7b0a7-365e-4459-bdf2-af2dcbf19829,UPDATE,"{""field"": ""planejamento_cronologia_solucao"", ""new_value"": ""foi instruído a respeito"", ""old_value"": null}",2025-08-09 21:28:59.884519+00
296,ae3f4f57-2dae-498d-b79d-701cb0e13023,c6d7b0a7-365e-4459-bdf2-af2dcbf19829,UPDATE,"{""field"": ""data_conclusao_solucao"", ""new_value"": ""2025-07-22"", ""old_value"": null}",2025-08-09 21:28:59.884519+00
297,33eee4e3-357e-49e0-b7aa-ecf2fc580523,c6d7b0a7-365e-4459-bdf2-af2dcbf19829,UPDATE,"{""field"": ""planejamento_cronologia_solucao"", ""new_value"": ""levar o fato ao encarregado do mesmo"", ""old_value"": null}",2025-08-09 21:29:28.656253+00
298,33eee4e3-357e-49e0-b7aa-ecf2fc580523,c6d7b0a7-365e-4459-bdf2-af2dcbf19829,ADD_RESPONSIBLE,"{""responsible_id"": ""dfc45ffc-42fe-4d61-8ebb-033b7b43da3d"", ""responsible_name"": ""Vanusa Alves Da Mota""}",2025-08-09 21:29:28.656253+00
299,5f6d05a6-4933-43b2-a71a-9172f035f53f,c6d7b0a7-365e-4459-bdf2-af2dcbf19829,UPDATE,"{""field"": ""planejamento_cronologia_solucao"", ""new_value"": ""Fazer  um bate papo a respeito"", ""old_value"": null}",2025-08-09 21:30:13.324128+00
300,5f6d05a6-4933-43b2-a71a-9172f035f53f,c6d7b0a7-365e-4459-bdf2-af2dcbf19829,ADD_RESPONSIBLE,"{""responsible_id"": ""dfc45ffc-42fe-4d61-8ebb-033b7b43da3d"", ""responsible_name"": ""Vanusa Alves Da Mota""}",2025-08-09 21:30:13.324128+00
301,e702ca5b-3b7a-40af-aea9-507d60e30d99,c6d7b0a7-365e-4459-bdf2-af2dcbf19829,UPDATE,"{""field"": ""planejamento_cronologia_solucao"", ""new_value"": ""foi instruído a respeito "", ""old_value"": null}",2025-08-09 21:31:00.808211+00
302,e702ca5b-3b7a-40af-aea9-507d60e30d99,c6d7b0a7-365e-4459-bdf2-af2dcbf19829,UPDATE,"{""field"": ""data_conclusao_solucao"", ""new_value"": ""2025-07-21"", ""old_value"": null}",2025-08-09 21:31:00.808211+00
310,2c2ff335-62ec-4093-942e-5a6e63b6bb87,5330757b-a1e7-4534-bf58-c3070fcc31ad,STATUS_CHANGE,"{""new_status"": ""APROVADO"", ""old_status"": ""PENDENTE""}",2025-08-11 12:32:18.647969+00
311,dbfcb9d3-1019-4b53-ac16-ea14883f1b8a,5330757b-a1e7-4534-bf58-c3070fcc31ad,STATUS_CHANGE,"{""new_status"": ""APROVADO"", ""old_status"": ""PENDENTE""}",2025-08-11 12:32:20.92764+00
312,74911e40-74a9-4b75-88cd-f35991d195b5,5330757b-a1e7-4534-bf58-c3070fcc31ad,STATUS_CHANGE,"{""new_status"": ""APROVADO"", ""old_status"": ""PENDENTE""}",2025-08-11 12:32:22.866534+00
313,655e04ed-8fd4-44b7-b111-ab106d9c013b,5330757b-a1e7-4534-bf58-c3070fcc31ad,STATUS_CHANGE,"{""new_status"": ""APROVADO"", ""old_status"": ""PENDENTE""}",2025-08-11 12:32:25.55516+00
314,ad15adab-5c15-469a-a012-3710202575a5,5330757b-a1e7-4534-bf58-c3070fcc31ad,STATUS_CHANGE,"{""new_status"": ""APROVADO"", ""old_status"": ""PENDENTE""}",2025-08-11 12:32:29.7526+00
315,655e04ed-8fd4-44b7-b111-ab106d9c013b,13146c68-63fd-437c-89c8-36c03f56c196,UPDATE,"{""field"": ""local_ocorrencia"", ""new_value"": ""Local não detalhado."", ""old_value"": null}",2025-08-11 13:09:12.580638+00
316,655e04ed-8fd4-44b7-b111-ab106d9c013b,13146c68-63fd-437c-89c8-36c03f56c196,UPDATE,"{""field"": ""planejamento_cronologia_solucao"", ""new_value"": ""Manutenção em andamento."", ""old_value"": null}",2025-08-11 13:09:12.580638+00
317,655e04ed-8fd4-44b7-b111-ab106d9c013b,13146c68-63fd-437c-89c8-36c03f56c196,ADD_RESPONSIBLE,"{""responsible_id"": ""6fd85913-37d1-4107-b244-42e8d9885945"", ""responsible_name"": ""Raimundo Alex Martins Botelho""}",2025-08-11 13:09:12.580638+00
318,ad15adab-5c15-469a-a012-3710202575a5,13146c68-63fd-437c-89c8-36c03f56c196,UPDATE,"{""field"": ""local_ocorrencia"", ""new_value"": ""Sem local detalhado."", ""old_value"": null}",2025-08-11 13:17:37.325602+00
319,ad15adab-5c15-469a-a012-3710202575a5,13146c68-63fd-437c-89c8-36c03f56c196,UPDATE,"{""field"": ""planejamento_cronologia_solucao"", ""new_value"": ""Foi aplicada medida disciplinar com o colaborador."", ""old_value"": null}",2025-08-11 13:42:08.87317+00
320,ad15adab-5c15-469a-a012-3710202575a5,13146c68-63fd-437c-89c8-36c03f56c196,UPDATE,"{""field"": ""data_conclusao_solucao"", ""new_value"": ""2025-08-08"", ""old_value"": null}",2025-08-11 13:42:08.87317+00
321,74911e40-74a9-4b75-88cd-f35991d195b5,13146c68-63fd-437c-89c8-36c03f56c196,UPDATE,"{""field"": ""local_ocorrencia"", ""new_value"": ""Local não descrito"", ""old_value"": null}",2025-08-11 13:48:45.223896+00
322,74911e40-74a9-4b75-88cd-f35991d195b5,13146c68-63fd-437c-89c8-36c03f56c196,UPDATE,"{""field"": ""planejamento_cronologia_solucao"", ""new_value"": ""Colaborador terceiro foi abordado no momento e orientado não utilizar mais adornos. Equipe da portaria também foi orientado a ficar atenta."", ""old_value"": null}",2025-08-11 13:48:45.223896+00
323,74911e40-74a9-4b75-88cd-f35991d195b5,13146c68-63fd-437c-89c8-36c03f56c196,UPDATE,"{""field"": ""data_conclusao_solucao"", ""new_value"": ""2025-08-06"", ""old_value"": null}",2025-08-11 13:48:45.223896+00
324,dbfcb9d3-1019-4b53-ac16-ea14883f1b8a,13146c68-63fd-437c-89c8-36c03f56c196,UPDATE,"{""field"": ""local_ocorrencia"", ""new_value"": ""Local não descrito"", ""old_value"": null}",2025-08-11 13:49:30.309804+00
325,dbfcb9d3-1019-4b53-ac16-ea14883f1b8a,13146c68-63fd-437c-89c8-36c03f56c196,UPDATE,"{""field"": ""planejamento_cronologia_solucao"", ""new_value"": ""Colaborador foi notificado e orientado no momento."", ""old_value"": null}",2025-08-11 13:49:30.309804+00
326,dbfcb9d3-1019-4b53-ac16-ea14883f1b8a,13146c68-63fd-437c-89c8-36c03f56c196,UPDATE,"{""field"": ""data_conclusao_solucao"", ""new_value"": ""2025-08-05"", ""old_value"": null}",2025-08-11 13:49:30.309804+00
327,2c2ff335-62ec-4093-942e-5a6e63b6bb87,13146c68-63fd-437c-89c8-36c03f56c196,UPDATE,"{""field"": ""local_ocorrencia"", ""new_value"": ""Local não descrito."", ""old_value"": null}",2025-08-11 13:50:29.740878+00
328,2c2ff335-62ec-4093-942e-5a6e63b6bb87,13146c68-63fd-437c-89c8-36c03f56c196,UPDATE,"{""field"": ""planejamento_cronologia_solucao"", ""new_value"": ""Colaborador foi notificado e orientado no momento."", ""old_value"": null}",2025-08-11 13:50:29.740878+00
329,2c2ff335-62ec-4093-942e-5a6e63b6bb87,13146c68-63fd-437c-89c8-36c03f56c196,UPDATE,"{""field"": ""data_conclusao_solucao"", ""new_value"": ""2025-08-05"", ""old_value"": null}",2025-08-11 13:50:29.740878+00
404,7cf34284-f0a3-4710-a6f9-a666ededc2e1,df62a5d2-dd80-4a32-b99c-22fd6b2905f2,UPDATE,"{""field"": ""data_conclusao_solucao"", ""new_value"": ""2025-06-01"", ""old_value"": null}",2025-08-13 11:29:07.535095+00
405,59be9027-e973-4bbb-8cc1-9b41b6afb3f7,df62a5d2-dd80-4a32-b99c-22fd6b2905f2,ADD_RESPONSIBLE,"{""responsible_id"": ""dfc45ffc-42fe-4d61-8ebb-033b7b43da3d"", ""responsible_name"": ""Vanusa Alves Da Mota""}",2025-08-13 11:33:30.538101+00
406,59be9027-e973-4bbb-8cc1-9b41b6afb3f7,df62a5d2-dd80-4a32-b99c-22fd6b2905f2,ADD_RESPONSIBLE,"{""responsible_id"": ""b89a88c7-de0d-4901-908c-fec2d058dc87"", ""responsible_name"": ""Ricardo Martins Lima""}",2025-08-13 11:33:30.538101+00
407,59be9027-e973-4bbb-8cc1-9b41b6afb3f7,df62a5d2-dd80-4a32-b99c-22fd6b2905f2,ADD_RESPONSIBLE,"{""responsible_id"": ""6fd85913-37d1-4107-b244-42e8d9885945"", ""responsible_name"": ""Raimundo Alex Martins Botelho""}",2025-08-13 11:33:30.538101+00
408,44fdb673-2689-4a21-a9af-e435289d3976,df62a5d2-dd80-4a32-b99c-22fd6b2905f2,ADD_RESPONSIBLE,"{""responsible_id"": ""b89a88c7-de0d-4901-908c-fec2d058dc87"", ""responsible_name"": ""Ricardo Martins Lima""}",2025-08-13 11:34:07.287152+00
409,44fdb673-2689-4a21-a9af-e435289d3976,df62a5d2-dd80-4a32-b99c-22fd6b2905f2,ADD_RESPONSIBLE,"{""responsible_id"": ""6fd85913-37d1-4107-b244-42e8d9885945"", ""responsible_name"": ""Raimundo Alex Martins Botelho""}",2025-08-13 11:34:07.287152+00
410,44fdb673-2689-4a21-a9af-e435289d3976,df62a5d2-dd80-4a32-b99c-22fd6b2905f2,ADD_RESPONSIBLE,"{""responsible_id"": ""6d438bbe-cfe0-4926-8ddd-82a77eae805c"", ""responsible_name"": ""Armando Moura Rocha De Carvalho""}",2025-08-13 11:34:07.287152+00
411,b927aa79-c87b-4741-be17-9aa673b6afbd,df62a5d2-dd80-4a32-b99c-22fd6b2905f2,UPDATE,"{""field"": ""data_conclusao_solucao"", ""new_value"": ""2025-02-17"", ""old_value"": null}",2025-08-13 11:35:00.895361+00
412,fcf7ad3a-af03-48de-baaf-13560872045c,df62a5d2-dd80-4a32-b99c-22fd6b2905f2,UPDATE,"{""field"": ""riscos_identificados"", ""new_value"": ""Pode causar acidente e danificar as lanças além de atrapalhar o processo pois a mesma só encosta na lança 01."", ""old_value"": ""Detalhar riscos""}",2025-08-13 11:36:33.56048+00
413,fcf7ad3a-af03-48de-baaf-13560872045c,df62a5d2-dd80-4a32-b99c-22fd6b2905f2,UPDATE,"{""field"": ""planejamento_cronologia_solucao"", ""new_value"": null, ""old_value"": ""Pode causar acidente e danificar as lanças além de atrapalhar o processo pois a mesma só encosta na lança 01.""}",2025-08-13 11:36:33.56048+00
414,fcf7ad3a-af03-48de-baaf-13560872045c,df62a5d2-dd80-4a32-b99c-22fd6b2905f2,ADD_RESPONSIBLE,"{""responsible_id"": ""3f650743-6565-4f08-8a8f-08c371ceaa12"", ""responsible_name"": ""Valdivino Ribeiro Da Silva""}",2025-08-13 11:37:11.126044+00
415,33eee4e3-357e-49e0-b7aa-ecf2fc580523,df62a5d2-dd80-4a32-b99c-22fd6b2905f2,UPDATE,"{""field"": ""data_conclusao_solucao"", ""new_value"": ""2025-07-18"", ""old_value"": null}",2025-08-13 11:38:17.831062+00
416,8b3ddfbc-29f4-4a5c-8131-d18462dc4d0a,df62a5d2-dd80-4a32-b99c-22fd6b2905f2,UPDATE,"{""field"": ""planejamento_cronologia_solucao"", ""new_value"": ""Foi conversado no bate-papo sobre os riscos apresentados e a forma correta de operar. Foi aplicado também o treinamento das instruções de trabalho para o pessoal da carga e descarga, onde foi definido o procedimento correto. "", ""old_value"": ""levar o fato ao encarregado do mesmo""}",2025-08-13 11:40:25.218185+00
417,8b3ddfbc-29f4-4a5c-8131-d18462dc4d0a,df62a5d2-dd80-4a32-b99c-22fd6b2905f2,UPDATE,"{""field"": ""data_conclusao_solucao"", ""new_value"": ""2025-07-21"", ""old_value"": null}",2025-08-13 11:40:25.218185+00
418,9b6b2e30-4de7-458b-8606-cea3e6f6e267,df62a5d2-dd80-4a32-b99c-22fd6b2905f2,UPDATE,"{""field"": ""data_conclusao_solucao"", ""new_value"": ""2025-07-14"", ""old_value"": null}",2025-08-13 11:41:06.528348+00
419,c3ee7bb2-38b4-4902-b430-cd0003d10580,df62a5d2-dd80-4a32-b99c-22fd6b2905f2,UPDATE,"{""field"": ""data_conclusao_solucao"", ""new_value"": ""2025-01-10"", ""old_value"": null}",2025-08-13 11:41:44.789797+00
420,d62203bd-ebb6-455e-86af-2118c4f59acd,df62a5d2-dd80-4a32-b99c-22fd6b2905f2,UPDATE,"{""field"": ""data_conclusao_solucao"", ""new_value"": ""2025-03-31"", ""old_value"": null}",2025-08-13 11:42:08.433444+00
421,f9845e1a-2479-4520-b148-df86b2c3666e,df62a5d2-dd80-4a32-b99c-22fd6b2905f2,UPDATE,"{""field"": ""data_conclusao_solucao"", ""new_value"": ""2025-02-12"", ""old_value"": null}",2025-08-13 11:42:43.034896+00
422,59be9027-e973-4bbb-8cc1-9b41b6afb3f7,df62a5d2-dd80-4a32-b99c-22fd6b2905f2,UPDATE,"{""field"": ""data_conclusao_solucao"", ""new_value"": ""2025-07-12"", ""old_value"": null}",2025-08-13 11:43:12.12834+00
423,bab8d646-20d2-4b46-ad97-5cb0830f961f,df62a5d2-dd80-4a32-b99c-22fd6b2905f2,UPDATE,"{""field"": ""data_conclusao_solucao"", ""new_value"": ""2025-02-12"", ""old_value"": null}",2025-08-13 11:43:35.047741+00
424,394c69fe-2030-4d51-96ea-174f4ab32c40,df62a5d2-dd80-4a32-b99c-22fd6b2905f2,UPDATE,"{""field"": ""data_conclusao_solucao"", ""new_value"": ""2025-02-12"", ""old_value"": null}",2025-08-13 11:43:53.485234+00
425,1695064b-885a-4e77-b087-a0bd8dcc166e,df62a5d2-dd80-4a32-b99c-22fd6b2905f2,UPDATE,"{""field"": ""data_conclusao_solucao"", ""new_value"": ""2025-02-07"", ""old_value"": null}",2025-08-13 11:44:28.099688+00
426,0c065fa3-08b0-464d-b48a-32425da55be3,df62a5d2-dd80-4a32-b99c-22fd6b2905f2,UPDATE,"{""field"": ""data_conclusao_solucao"", ""new_value"": ""2025-01-24"", ""old_value"": null}",2025-08-13 11:45:27.295687+00
427,0fe74e11-8193-44e0-a13a-0a89db0be65f,df62a5d2-dd80-4a32-b99c-22fd6b2905f2,UPDATE,"{""field"": ""data_conclusao_solucao"", ""new_value"": ""2025-01-24"", ""old_value"": null}",2025-08-13 11:45:46.213432+00
428,221698d9-f556-4a4f-b011-74383c2500e0,df62a5d2-dd80-4a32-b99c-22fd6b2905f2,UPDATE,"{""field"": ""data_conclusao_solucao"", ""new_value"": ""2025-01-24"", ""old_value"": null}",2025-08-13 11:46:08.537914+00
429,d0c3447a-2647-4f2d-80b0-9ed5dd82f3b7,df62a5d2-dd80-4a32-b99c-22fd6b2905f2,UPDATE,"{""field"": ""data_conclusao_solucao"", ""new_value"": ""2025-01-17"", ""old_value"": null}",2025-08-13 11:46:24.945585+00
430,44fdb673-2689-4a21-a9af-e435289d3976,df62a5d2-dd80-4a32-b99c-22fd6b2905f2,UPDATE,"{""field"": ""riscos_identificados"", ""new_value"": ""Colaborador pode tropeçar e machucar o pé."", ""old_value"": ""Detalhar riscos""}",2025-08-13 11:48:03.819452+00
431,44fdb673-2689-4a21-a9af-e435289d3976,df62a5d2-dd80-4a32-b99c-22fd6b2905f2,UPDATE,"{""field"": ""planejamento_cronologia_solucao"", ""new_value"": ""O pessoal da manutenção instalou uma chapa resistente na Lança 2."", ""old_value"": ""Colaborador pode tropeçar e machucar o pé.""}",2025-08-13 11:48:03.819452+00
432,44fdb673-2689-4a21-a9af-e435289d3976,df62a5d2-dd80-4a32-b99c-22fd6b2905f2,UPDATE,"{""field"": ""data_conclusao_solucao"", ""new_value"": ""2025-08-08"", ""old_value"": null}",2025-08-13 11:48:03.819452+00
433,b4e11f3f-7bb0-432b-a5ab-5dfa8f037a11,df62a5d2-dd80-4a32-b99c-22fd6b2905f2,UPDATE,"{""field"": ""data_conclusao_solucao"", ""new_value"": ""2025-01-06"", ""old_value"": null}",2025-08-13 11:48:28.383308+00
434,fdccabb3-cc8f-4592-ac8d-a1508f3bf16f,df62a5d2-dd80-4a32-b99c-22fd6b2905f2,UPDATE,"{""field"": ""data_conclusao_solucao"", ""new_value"": ""2025-02-19"", ""old_value"": null}",2025-08-13 11:48:41.286149+00
435,9977df72-e39c-4bd6-abc7-03f716a06f33,df62a5d2-dd80-4a32-b99c-22fd6b2905f2,UPDATE,"{""field"": ""planejamento_cronologia_solucao"", ""new_value"": ""Entulho foi levado sem a retirada dos lacres e a estagiária de operações fez um bate papo mostrando os riscos e a forma adequada de descarte dos resíduos sólidos"", ""old_value"": ""Entulho foi levado sem a retirada dos lacres""}",2025-08-13 11:49:53.585799+00
436,9977df72-e39c-4bd6-abc7-03f716a06f33,df62a5d2-dd80-4a32-b99c-22fd6b2905f2,UPDATE,"{""field"": ""data_conclusao_solucao"", ""new_value"": ""2025-03-21"", ""old_value"": null}",2025-08-13 11:49:53.585799+00
437,87636ec2-b866-4f65-8f26-9160b7cdc878,df62a5d2-dd80-4a32-b99c-22fd6b2905f2,UPDATE,"{""field"": ""planejamento_cronologia_solucao"", ""new_value"": ""Compactaram a brita no terreno e foi conversado com os motoristas para evitarem freadas bruscas."", ""old_value"": ""Compacatar  a brita nop terreno e evitar freiadas bruscas.""}",2025-08-13 11:50:46.250611+00
438,87636ec2-b866-4f65-8f26-9160b7cdc878,df62a5d2-dd80-4a32-b99c-22fd6b2905f2,UPDATE,"{""field"": ""data_conclusao_solucao"", ""new_value"": ""2025-03-17"", ""old_value"": null}",2025-08-13 11:50:46.250611+00
439,ddc230e9-d072-4946-bd17-cf7319704fac,df62a5d2-dd80-4a32-b99c-22fd6b2905f2,UPDATE,"{""field"": ""riscos_identificados"", ""new_value"": ""Jogar o botijão de forma segura e adequada. O colaborador e o colega devem ficar atentos."", ""old_value"": ""Detalhar riscos""}",2025-08-13 11:51:28.882182+00
440,ddc230e9-d072-4946-bd17-cf7319704fac,df62a5d2-dd80-4a32-b99c-22fd6b2905f2,UPDATE,"{""field"": ""planejamento_cronologia_solucao"", ""new_value"": ""Foi conversado com os colaboradores."", ""old_value"": ""Jogar o botijão de forma segura e adequada. O colaborador e o colega devem ficar atentos.""}",2025-08-13 11:51:28.882182+00
441,ddc230e9-d072-4946-bd17-cf7319704fac,df62a5d2-dd80-4a32-b99c-22fd6b2905f2,UPDATE,"{""field"": ""data_conclusao_solucao"", ""new_value"": ""2025-03-13"", ""old_value"": null}",2025-08-13 11:51:28.882182+00
442,b2c833de-3578-45d7-bbc4-d7a8aee1767c,df62a5d2-dd80-4a32-b99c-22fd6b2905f2,UPDATE,"{""field"": ""planejamento_cronologia_solucao"", ""new_value"": ""A placa com as instruções do procedimento de retirada das válvulas já está sendo confeccionada (para auxiliar todos a executar corretamente o procedimento). - Foi instalada a placa de instrução de retirada de válvula."", ""old_value"": ""A placa com as instruções do procedimento de retirada das válvulas já está sendo confeccionada (para auxiliar todos a executar corretamente o procedimento)""}",2025-08-13 11:52:29.00017+00
443,b2c833de-3578-45d7-bbc4-d7a8aee1767c,df62a5d2-dd80-4a32-b99c-22fd6b2905f2,UPDATE,"{""field"": ""data_conclusao_solucao"", ""new_value"": ""2025-05-30"", ""old_value"": null}",2025-08-13 11:52:29.00017+00
444,0e79f7f7-35e6-420b-a421-6a679b88a106,df62a5d2-dd80-4a32-b99c-22fd6b2905f2,UPDATE,"{""field"": ""data_conclusao_solucao"", ""new_value"": ""2025-01-16"", ""old_value"": null}",2025-08-13 12:10:13.359732+00
445,88619b16-3413-45b2-8bd8-e5753421eba5,df62a5d2-dd80-4a32-b99c-22fd6b2905f2,UPDATE,"{""field"": ""data_conclusao_solucao"", ""new_value"": ""2025-05-27"", ""old_value"": null}",2025-08-14 10:14:02.468825+00
446,5819b7e3-269c-46b6-8639-2bfb8c9f7ffa,df62a5d2-dd80-4a32-b99c-22fd6b2905f2,UPDATE,"{""field"": ""data_conclusao_solucao"", ""new_value"": ""2025-05-28"", ""old_value"": null}",2025-08-14 10:14:21.922317+00
447,1e66cf34-d4df-4ea4-b076-65a6c47e006f,df62a5d2-dd80-4a32-b99c-22fd6b2905f2,UPDATE,"{""field"": ""data_conclusao_solucao"", ""new_value"": ""2025-05-28"", ""old_value"": null}",2025-08-14 10:14:40.692428+00
448,55b741b9-5608-4ecf-8a05-bfc3a08fe906,df62a5d2-dd80-4a32-b99c-22fd6b2905f2,UPDATE,"{""field"": ""data_conclusao_solucao"", ""new_value"": ""2025-02-20"", ""old_value"": null}",2025-08-14 10:18:12.625527+00
449,7900f820-52e6-4303-9dfc-1c805ccf5a71,df62a5d2-dd80-4a32-b99c-22fd6b2905f2,UPDATE,"{""field"": ""data_conclusao_solucao"", ""new_value"": ""2025-02-06"", ""old_value"": null}",2025-08-14 10:18:24.321787+00
450,1bb9cacd-8305-4127-98a8-99d6f60f761c,df62a5d2-dd80-4a32-b99c-22fd6b2905f2,UPDATE,"{""field"": ""planejamento_cronologia_solucao"", ""new_value"": ""Foi retirada a tenda e estamos contratando um profissional para avaliar os danos da mesma e reinstalar as tendas. Foi feito uma cobertura."", ""old_value"": ""Foi retirada a tenda e estamos contratando um profissional para avaliar os danos da mesma e reentalar as tendas""}",2025-08-14 10:19:03.214062+00
451,1bb9cacd-8305-4127-98a8-99d6f60f761c,df62a5d2-dd80-4a32-b99c-22fd6b2905f2,UPDATE,"{""field"": ""data_conclusao_solucao"", ""new_value"": ""2025-05-01"", ""old_value"": null}",2025-08-14 10:19:03.214062+00
452,b3c7613c-8618-4ec9-8ba8-56cc26ad32f6,df62a5d2-dd80-4a32-b99c-22fd6b2905f2,UPDATE,"{""field"": ""data_conclusao_solucao"", ""new_value"": ""2025-04-09"", ""old_value"": null}",2025-08-14 10:19:16.708737+00
453,3fbdcae3-e033-42e7-9975-2c835cb626e6,df62a5d2-dd80-4a32-b99c-22fd6b2905f2,UPDATE,"{""field"": ""data_conclusao_solucao"", ""new_value"": ""2025-05-29"", ""old_value"": null}",2025-08-14 10:19:31.420519+00
454,54eb2e31-dda5-46ad-a21b-a9bc5c5fe512,df62a5d2-dd80-4a32-b99c-22fd6b2905f2,UPDATE,"{""field"": ""data_conclusao_solucao"", ""new_value"": ""2025-05-26"", ""old_value"": null}",2025-08-14 10:19:45.688691+00
455,fbca4333-cdb6-4775-bf1c-f8512b5a2e9f,df62a5d2-dd80-4a32-b99c-22fd6b2905f2,UPDATE,"{""field"": ""data_conclusao_solucao"", ""new_value"": ""2025-05-29"", ""old_value"": null}",2025-08-14 10:20:07.995293+00
456,298944a4-1e2e-487f-9db2-ce90b2045d64,df62a5d2-dd80-4a32-b99c-22fd6b2905f2,UPDATE,"{""field"": ""data_conclusao_solucao"", ""new_value"": ""2025-05-29"", ""old_value"": null}",2025-08-14 10:20:20.846307+00
457,14b572d9-bbcf-4259-a0c3-46161cdb1c5a,df62a5d2-dd80-4a32-b99c-22fd6b2905f2,UPDATE,"{""field"": ""planejamento_cronologia_solucao"", ""new_value"": "" Foi conversado com os colaboradores sobre os riscos e a forma correta de realizar o procedimento."", ""old_value"": "" ""}",2025-08-14 10:21:32.57197+00
458,14b572d9-bbcf-4259-a0c3-46161cdb1c5a,df62a5d2-dd80-4a32-b99c-22fd6b2905f2,UPDATE,"{""field"": ""data_conclusao_solucao"", ""new_value"": ""2025-07-14"", ""old_value"": null}",2025-08-14 10:21:32.57197+00
459,ead5f6cb-20ac-46c0-a314-2ec259a0d6d3,df62a5d2-dd80-4a32-b99c-22fd6b2905f2,UPDATE,"{""field"": ""data_conclusao_solucao"", ""new_value"": ""2025-06-12"", ""old_value"": null}",2025-08-14 10:22:07.595337+00
460,af96b440-ed39-413c-bd58-1270df1cf0be,df62a5d2-dd80-4a32-b99c-22fd6b2905f2,UPDATE,"{""field"": ""data_conclusao_solucao"", ""new_value"": ""2025-07-21"", ""old_value"": null}",2025-08-14 10:22:23.401431+00
461,4a125f06-d3e3-4686-a3ba-b0f572547fc1,df62a5d2-dd80-4a32-b99c-22fd6b2905f2,UPDATE,"{""field"": ""data_conclusao_solucao"", ""new_value"": ""2025-06-24"", ""old_value"": null}",2025-08-14 10:22:50.352822+00
462,b5338d03-c80c-463d-81f0-4251dd3c1658,df62a5d2-dd80-4a32-b99c-22fd6b2905f2,UPDATE,"{""field"": ""data_conclusao_solucao"", ""new_value"": ""2025-07-21"", ""old_value"": null}",2025-08-14 10:23:05.644468+00
463,8a384321-fc6f-447f-9307-53feb7b6cfc6,df62a5d2-dd80-4a32-b99c-22fd6b2905f2,UPDATE,"{""field"": ""data_conclusao_solucao"", ""new_value"": ""2025-07-28"", ""old_value"": null}",2025-08-14 10:23:27.62217+00
464,5f6d05a6-4933-43b2-a71a-9172f035f53f,df62a5d2-dd80-4a32-b99c-22fd6b2905f2,UPDATE,"{""field"": ""data_conclusao_solucao"", ""new_value"": ""2025-07-22"", ""old_value"": null}",2025-08-14 10:23:42.201303+00
465,8b2f2682-0605-4704-a7d5-d21342de361f,df62a5d2-dd80-4a32-b99c-22fd6b2905f2,UPDATE,"{""field"": ""data_conclusao_solucao"", ""new_value"": ""2025-07-25"", ""old_value"": null}",2025-08-14 10:23:55.619619+00
493,fcf7ad3a-af03-48de-baaf-13560872045c,13146c68-63fd-437c-89c8-36c03f56c196,UPDATE,"{""field"": ""tipo_relato"", ""new_value"": ""Condição Insegura"", ""old_value"": null}",2025-08-18 12:01:40.394231+00
494,ffcc39cc-8867-4ae1-9810-b3070a46a6da,13146c68-63fd-437c-89c8-36c03f56c196,UPDATE,"{""field"": ""tipo_relato"", ""new_value"": ""Comportamento inseguro"", ""old_value"": null}",2025-08-18 12:01:51.967172+00
495,7f1c29f3-8f95-4dbd-8a43-ecf8a1c24097,13146c68-63fd-437c-89c8-36c03f56c196,UPDATE,"{""field"": ""tipo_relato"", ""new_value"": ""Comportamento inseguro"", ""old_value"": null}",2025-08-18 12:02:14.331339+00
496,ad15adab-5c15-469a-a012-3710202575a5,13146c68-63fd-437c-89c8-36c03f56c196,UPDATE,"{""field"": ""tipo_relato"", ""new_value"": ""Quase Acidente"", ""old_value"": null}",2025-08-18 12:15:28.38497+00
517,b4e11f3f-7bb0-432b-a5ab-5dfa8f037a11,13146c68-63fd-437c-89c8-36c03f56c196,REPROVADO,"{""reason"": ""Motivo de reprovação""}",2025-08-20 18:30:30.740916+00
524,955e015c-ce03-4e22-a675-7563ec0d2405,13146c68-63fd-437c-89c8-36c03f56c196,REPROVADO,"{""reason"": ""Motivo de reprovação""}",2025-08-20 19:52:51.113531+00
525,d2c6c492-87a4-4440-aca6-fd7fd7b577e0,13146c68-63fd-437c-89c8-36c03f56c196,REPROVADO,"{""reason"": ""Motivo de reprovação""}",2025-08-20 19:53:31.287472+00
526,8b2f2682-0605-4704-a7d5-d21342de361f,13146c68-63fd-437c-89c8-36c03f56c196,REPROVADO,"{""reason"": ""Motivo de reprovação""}",2025-08-20 20:02:39.624327+00
543,5701caf9-812b-43e7-a968-e510bce09dee,dfc45ffc-42fe-4d61-8ebb-033b7b43da3d,STATUS_CHANGE,"{""new_status"": ""APROVADO"", ""old_status"": ""PENDENTE""}",2025-08-22 15:19:26.701975+00
544,42f841b6-5da2-4b6a-83a0-7a66d733b924,dfc45ffc-42fe-4d61-8ebb-033b7b43da3d,STATUS_CHANGE,"{""new_status"": ""APROVADO"", ""old_status"": ""PENDENTE""}",2025-08-22 15:19:36.026438+00
573,4d38f1ef-5ccb-4644-8612-5f64cc6a3a35,13146c68-63fd-437c-89c8-36c03f56c196,STATUS_CHANGE,"{""new_status"": ""APROVADO"", ""old_status"": ""PENDENTE""}",2025-09-01 13:07:23.966053+00
574,47160cb4-aaee-4fc3-b047-50f72d748da9,13146c68-63fd-437c-89c8-36c03f56c196,STATUS_CHANGE,"{""new_status"": ""APROVADO"", ""old_status"": ""PENDENTE""}",2025-09-01 13:07:25.232577+00
580,52276e74-9bb2-4eb4-8d1c-e2ae3c0a70f2,13146c68-63fd-437c-89c8-36c03f56c196,STATUS_CHANGE,"{""new_status"": ""APROVADO"", ""old_status"": ""PENDENTE""}",2025-09-03 13:09:24.029011+00
581,52276e74-9bb2-4eb4-8d1c-e2ae3c0a70f2,13146c68-63fd-437c-89c8-36c03f56c196,STATUS_CHANGE,"{""new_status"": ""APROVADO"", ""old_status"": ""PENDENTE""}",2025-09-03 13:09:24.40303+00
582,1494a411-1cc8-4ac1-a272-4c048afe8e1e,13146c68-63fd-437c-89c8-36c03f56c196,STATUS_CHANGE,"{""new_status"": ""APROVADO"", ""old_status"": ""PENDENTE""}",2025-09-03 13:09:25.809481+00
583,bade6183-3440-4d5d-afa8-d9e5e2604eb9,13146c68-63fd-437c-89c8-36c03f56c196,STATUS_CHANGE,"{""new_status"": ""APROVADO"", ""old_status"": ""PENDENTE""}",2025-09-03 13:09:26.845053+00
584,b64ddafe-482d-43f6-9422-31d02e56956e,13146c68-63fd-437c-89c8-36c03f56c196,STATUS_CHANGE,"{""new_status"": ""APROVADO"", ""old_status"": ""PENDENTE""}",2025-09-03 13:09:27.82154+00
585,acf08eea-f031-452d-a1bb-167f37038afe,dfc45ffc-42fe-4d61-8ebb-033b7b43da3d,STATUS_CHANGE,"{""new_status"": ""APROVADO"", ""old_status"": ""PENDENTE""}",2025-09-03 17:54:03.928326+00
586,eedb58aa-4b57-404a-b5fb-5fbb9677b4f3,dfc45ffc-42fe-4d61-8ebb-033b7b43da3d,STATUS_CHANGE,"{""new_status"": ""APROVADO"", ""old_status"": ""PENDENTE""}",2025-09-03 17:54:10.693423+00
587,4d6035c8-9c1c-4c4a-9743-028a7ba649b6,13146c68-63fd-437c-89c8-36c03f56c196,STATUS_CHANGE,"{""new_status"": ""APROVADO"", ""old_status"": ""PENDENTE""}",2025-09-05 10:23:32.273412+00
596,95078488-1a98-42ff-b3de-a58df2c86a9a,dfc45ffc-42fe-4d61-8ebb-033b7b43da3d,STATUS_CHANGE,"{""new_status"": ""APROVADO"", ""old_status"": ""PENDENTE""}",2025-09-10 12:17:43.66495+00
598,95078488-1a98-42ff-b3de-a58df2c86a9a,13146c68-63fd-437c-89c8-36c03f56c196,REPROVADO,"{""reason"": ""Motivo de reprovação""}",2025-09-10 12:59:18.443468+00
599,95078488-1a98-42ff-b3de-a58df2c86a9a,13146c68-63fd-437c-89c8-36c03f56c196,REAPROVADO,{},2025-09-10 12:59:31.734865+00
600,95078488-1a98-42ff-b3de-a58df2c86a9a,dfc45ffc-42fe-4d61-8ebb-033b7b43da3d,STATUS_CHANGE,"{""new_status"": ""APROVADO"", ""old_status"": ""PENDENTE""}",2025-09-11 19:03:31.743578+00
601,95078488-1a98-42ff-b3de-a58df2c86a9a,dfc45ffc-42fe-4d61-8ebb-033b7b43da3d,STATUS_CHANGE,"{""new_status"": ""APROVADO"", ""old_status"": ""PENDENTE""}",2025-09-11 19:03:35.431785+00
602,17c3c56c-209f-43ee-bde8-cb34eb329247,dfc45ffc-42fe-4d61-8ebb-033b7b43da3d,STATUS_CHANGE,"{""new_status"": ""APROVADO"", ""old_status"": ""PENDENTE""}",2025-09-11 19:03:39.382794+00
603,17c3c56c-209f-43ee-bde8-cb34eb329247,dfc45ffc-42fe-4d61-8ebb-033b7b43da3d,STATUS_CHANGE,"{""new_status"": ""APROVADO"", ""old_status"": ""PENDENTE""}",2025-09-11 19:03:48.281353+00
604,17c3c56c-209f-43ee-bde8-cb34eb329247,dfc45ffc-42fe-4d61-8ebb-033b7b43da3d,STATUS_CHANGE,"{""new_status"": ""APROVADO"", ""old_status"": ""PENDENTE""}",2025-09-11 19:03:53.92422+00
605,17c3c56c-209f-43ee-bde8-cb34eb329247,dfc45ffc-42fe-4d61-8ebb-033b7b43da3d,STATUS_CHANGE,"{""new_status"": ""APROVADO"", ""old_status"": ""PENDENTE""}",2025-09-11 19:03:54.334865+00
606,95078488-1a98-42ff-b3de-a58df2c86a9a,dfc45ffc-42fe-4d61-8ebb-033b7b43da3d,STATUS_CHANGE,"{""new_status"": ""APROVADO"", ""old_status"": ""PENDENTE""}",2025-09-11 19:03:56.06377+00
608,dfd824e0-2c99-4d40-bdac-366ea12248eb,dfc45ffc-42fe-4d61-8ebb-033b7b43da3d,STATUS_CHANGE,"{""new_status"": ""APROVADO"", ""old_status"": ""PENDENTE""}",2025-09-13 10:18:24.755486+00
609,fdde6679-8b45-423b-9522-fb56a3979dff,13146c68-63fd-437c-89c8-36c03f56c196,STATUS_CHANGE,"{""new_status"": ""APROVADO"", ""old_status"": ""PENDENTE""}",2025-09-13 13:50:15.60949+00
611,a4d99138-6e61-41ff-82f8-6010e70fe311,3f650743-6565-4f08-8a8f-08c371ceaa12,STATUS_CHANGE,"{""new_status"": ""APROVADO"", ""old_status"": ""PENDENTE""}",2025-09-15 13:01:45.907434+00
